K,870,960,1098,1139,peor,medio
8000,0.8803792402881303,5.854778065335204,10.81081081081081,11.866079214282417,11.866079214282417,7.35301183267914
8500,3.6569599211968313,7.82264759021435,12.027027027027026,12.92464087383542,12.92464087383542,9.107818853068407
9000,2.8627716554823768,6.665364519751968,10.54054054054054,11.369498370737501,11.369498370737501,7.859543771628097
9500,2.4256602844302066,5.820596708823627,9.324324324324325,10.075726283904721,10.075726283904721,6.91157690037072
10000,3.059779597365034,5.913374676497871,8.91891891891892,9.566065445867162,9.566065445867162,6.864534659662246
10500,4.050975804962133,6.318667903706195,8.783783783783784,9.317775024094697,9.317775024094697,7.117800629136702
11000,1.4714030659361257,3.5988085355729704,5.945945945945946,6.45578043967138,6.45578043967138,4.367984496781605
11500,2.1055223788708677,3.6915865032472146,5.540540540540511,5.94611960163382,5.94611960163382,4.320942256073103
12000,1.6684110078187826,2.846818692318931,4.324324324324325,4.652347514801039,4.652347514801039,3.3729753848157698
12500,0.16006895277965116,1.064505102788196,2.297297297297268,2.5744641791729705,2.5744641791729705,1.5240838830095216
13000,0.4371113710521826,0.8447678109282645,1.6216216216216217,1.8034329248703411,1.8034329248703411,1.1767334321181024
13500,0.0,0.0,0.40540540540540543,0.5096608380375196,0.5096608380375196,0.22876656086073127
14000,0.6341193129348152,0.09277796767422519,0.0,0.0,0.6341193129348152,0.1817243201522601
14500,2.6965462045188873,1.4356169734850388,0.6756756756756757,0.5358208270227828,2.6965462045188873,1.3359149201755962
15000,4.758973096102984,2.7784559792958134,1.3513513513513513,1.0716416540456202,4.758973096102984,2.4901055201989424
15500,5.036015514375418,2.5587186874358627,0.6756756756756757,0.30061039974296355,5.036015514375418,2.14275506930748
16000,8.526749984608747,5.151618731383361,2.4324324324324325,1.881912891826117,8.526749984608747,4.498178510062664
