col,gain,splits,modelos_con_split,gain_pct,gain_acum
ctrx_quarter,168183.5314315468,1454.1,20,6.458142654708215,6.458142654708215
mcaja_ahorro,120509.78793393075,1560.7,20,4.627500654442655,11.085643309150871
mpayroll,99266.86489783227,1011.5,20,3.811785666165401,14.897428975316272
cpayroll_trx,98096.42657244205,697.4,20,3.766841564863875,18.664270540180148
mpasivos_margen,91846.05489123166,1343.6,20,3.52683119275063,22.19110173293078
mcuentas_saldo,83767.6356249094,2130.35,20,3.216624934133168,25.407726667063947
mtarjeta_visa_consumo,62505.69063338339,852.6,20,2.4001795146378466,27.807906181701796
ctrx_quarter__lag1,59089.70295819342,863.25,20,2.269007719603438,30.076913901305232
mautoservicio,50580.850666731596,777.75,20,1.942273101425514,32.019187002730746
mprestamos_personales,49447.86739137173,1405.5,20,1.8987672506719238,33.91795425340267
Visa_msaldopesos,47893.00828788579,1129.65,20,1.8390616313832067,35.75701588478588
ctarjeta_visa_transacciones,46243.71386107504,833.75,20,1.7757297546096815,37.53274563939556
ctarjeta_debito_transacciones,45471.035646253826,483.25,20,1.7460593933381219,39.27880503273368
Visa_msaldototal,42838.10886026025,1116.0,20,1.6449566477921365,40.923761680525814
Visa_mpagominimo,32761.485346496105,1336.8,20,1.258020593020549,42.18178227354636
mcuenta_corriente,31336.773464131355,1663.3,20,1.203312545806578,43.385094819352936
mrentabilidad_annual,28237.175311234594,2203.8,20,1.0842899109903692,44.46938473034331
Visa_mpagospesos,25589.993582075833,934.5,20,0.9826397845224117,45.45202451486572
mcaja_ahorro__lag1,24736.3570004493,929.05,20,0.9498606724863117,46.40188518735203
cprestamos_personales,24607.76363171339,693.05,20,0.9449227673735033,47.346807954725534
mactivos_margen,21880.66655906737,1703.8,20,0.8402039415855366,48.18701189631107
cproductos,21686.292573606966,804.6,20,0.8327401018398575,49.01975199815093
mtransferencias_recibidas,19979.353586655856,1063.95,20,0.767194709929115,49.786946708080045
mcomisiones_mantenimiento,19564.399272859097,956.25,20,0.7512607232249724,50.53820743130502
mpasivos_margen__lag1,19161.108155944945,935.9,20,0.735774596002889,51.27398202730791
cpayroll_trx__lag1,18864.498437675833,248.35,20,0.7243849679159416,51.99836699522385
mpayroll__lag1,18515.47937808335,366.65,20,0.7109828538273943,52.70934984905124
ccomisiones_otras,18244.379062908887,703.75,20,0.7005727709005435,53.409922619951786
ccomisiones_mantenimiento,16231.908180510998,485.95,20,0.6232951448669743,54.03321776481876
Visa_status,15879.145214098691,312.3,20,0.6097492670928715,54.64296703191163
Master_status,15342.347084534169,274.05,20,0.5891365538979458,55.232103585809575
Visa_mconsumospesos,15329.211763095856,897.9,20,0.5886321657516035,55.82073575156118
cliente_edad,15321.272783488035,1946.1,20,0.5883273138888574,56.409063065450034
mcuentas_saldo__lag1,15145.20111656189,878.65,20,0.5815662717536223,56.99062933720366
Master_fechaalta,14073.899503844976,1675.8,20,0.5404289583540594,57.53105829555771
Visa_fechaalta,13781.0135499686,1606.95,20,0.529182320496037,58.06024061605375
mrentabilidad_annual__lag1,13043.340116676689,1281.85,20,0.5008561209910244,58.56109673704477
mcomisiones_otras,12792.503780922294,1173.75,20,0.49122416222848936,59.05232089927326
mcomisiones,12694.635443803669,1144.7,20,0.4874660791563164,59.539786978429575
mrentabilidad,12584.474019777776,1332.8,20,0.48323594921821017,60.02302292764779
Master_Fvencimiento,12403.953345113992,1577.85,20,0.4763040679621825,60.49932699560997
mextraccion_autoservicio,11917.242047560216,335.75,20,0.45761465786057703,60.956941653470544
ccaja_seguridad,11842.46225103736,503.9,20,0.4547431603392444,61.411684813809785
mcuenta_debitos_automaticos,11755.82623155415,800.25,20,0.45141639125492194,61.86310120506471
mcuenta_corriente__delta1,11721.16192664206,830.75,20,0.45008530357800697,62.313186508642715
Visa_mconsumototal,11591.477973270416,819.95,20,0.44510552069574844,62.75829202933846
mprestamos_personales__lag1,11336.593997257947,427.2,20,0.435318135073169,63.19361016441163
mcuentas_saldo__delta1,10619.425385695697,1174.85,20,0.40777930792686684,63.6013894723385
Visa_Fvencimiento,10346.997127595543,1457.05,20,0.39731823282035117,63.99870770515885
mrentabilidad_annual__delta1,9860.389726614952,1252.8,20,0.37863281228232104,64.37734051744117
mcuenta_corriente__lag1,9822.721634191275,954.0,20,0.37718638103942703,64.75452689848059
cliente_edad__lag1,9742.849386000633,1364.8,20,0.37411933655191504,65.1286462350325
ctrx_quarter__delta1,9678.072172826529,1165.0,20,0.37163193198922106,65.50027816702173
mprestamos_personales__delta1,9188.084695917369,685.45,20,0.3528167186448166,65.85309488566655
cliente_antiguedad,9008.898018354177,1429.15,20,0.34593606204499194,66.19903094771155
Visa_cconsumos,9004.521776661277,800.7,20,0.34576801709490873,66.54479896480646
cextraccion_autoservicio,8933.645508530735,289.15,20,0.343046412627906,66.88784537743436
ccajas_consultas,8742.46176148057,443.95,20,0.33570507604636235,67.22355045348073
Visa_mconsumosdolares,8545.995228409767,389.35,20,0.3281608837782649,67.551711337259
mcomisiones_otras__lag1,7949.707690101862,838.3,20,0.30526381441101463,67.85697515167001
mpayroll__delta1,7922.75452978611,461.9,20,0.30422882987458166,68.16120398154459
ctrx_quarter__delta2,7784.309734103083,972.2,20,0.2989126361146306,68.46011661765922
Master_mfinanciacion_limite,7673.084111258388,1152.9,20,0.2946416416059787,68.7547582592652
mactivos_margen__lag1,7551.625253102184,927.95,20,0.289977697247253,69.04473595651245
chomebanking_transacciones,7475.405909979343,1028.75,20,0.28705092203480714,69.33178687854726
mcuentas_saldo__delta2,7349.809718394279,862.65,20,0.28222810665425047,69.6140149852015
mcomisiones__lag1,7205.468466222286,790.55,20,0.27668549264471315,69.89070047784622
mtransferencias_emitidas,7113.625492358207,654.45,20,0.27315877976148256,70.16385925760771
active_quarter,7060.32137221694,60.2,20,0.2711119348116479,70.43497119241935
Visa_mfinanciacion_limite,6958.406127935648,1044.45,20,0.2671984530298368,70.70216964544919
cdescubierto_preacordado,6953.4598916888235,375.5,20,0.267008520644579,70.96917816609377
cproductos__delta1,6874.8507863402365,249.2,20,0.26398998005395763,71.23316814614773
mpagomiscuentas,6715.383783882857,448.25,20,0.25786654667244585,71.49103469282018
Master_mlimitecompra,6701.740995079279,1088.65,20,0.2573426720959543,71.74837736491614
ctransferencias_recibidas,6454.574935364723,810.45,20,0.2478516496429716,71.9962290145591
Visa_mlimitecompra,6436.762374517321,1027.4,20,0.24716765842207725,72.24339667298118
ccomisiones_mantenimiento__delta1,6404.7605655789375,284.05,20,0.2459388089290642,72.48933548191025
ctarjeta_master,6366.931328982115,106.9,20,0.24448618985048082,72.73382167176072
Master_fechaalta__lag1,6273.174565568566,951.0,20,0.24088598864282054,72.97470766040354
ctarjeta_visa,6249.164688634873,82.45,20,0.2399640243515493,73.21467168475509
mtarjeta_master_consumo,6186.644057634473,310.15,20,0.2375632711361413,73.45223495589123
mcaja_ahorro_dolares__delta1,6175.619201588631,613.25,20,0.2371399235438674,73.68937487943509
Visa_mpagominimo__lag1,6091.0437888294455,716.2,20,0.23389228047185856,73.92326715990696
mpayroll__delta2,6011.869588765502,353.25,20,0.23085204059680592,74.15411920050376
ccajas_depositos,5887.110257720948,326.95,20,0.22606136013877523,74.38018056064253
mrentabilidad__delta1,5826.057340353727,953.8,20,0.22371696621097795,74.6038975268535
Master_Fvencimiento__lag1,5815.58190228045,950.6,20,0.22331471592599494,74.8272122427795
mcaja_ahorro_dolares,5710.635322263837,736.35,20,0.21928483274360444,75.0464970755231
Visa_Fvencimiento__lag1,5696.853233867883,949.45,20,0.21875560914969333,75.2652526846728
ccallcenter_transacciones,5638.480830615759,490.15,20,0.21651414529118343,75.48176682996399
chomebanking_transacciones__delta1,5597.949671196938,918.9,20,0.21495777406232738,75.69672460402631
mrentabilidad_annual__lag2,5554.940563708544,761.75,20,0.21330625117392388,75.91003085520023
Master_msaldototal,5546.039612960815,577.35,20,0.21296446021970813,76.12299531541994
internet,5538.249675506353,447.85,20,0.21266533148264363,76.33566064690258
mcaja_ahorro__delta1,5515.912493366003,724.7,20,0.2118075976276181,76.5474682445302
mpasivos_margen__delta2,5511.601496446133,683.15,20,0.2116420580361043,76.7591103025663
Visa_fechaalta__lag1,5466.33330667615,846.5,20,0.20990378779783223,76.96901409036413
cliente_antiguedad__lag1,5328.873860505223,917.75,20,0.2046254308442541,77.17363952120839
mrentabilidad__lag1,5223.3487952739,760.0,20,0.2005733341906132,77.374212855399
Master_mpagominimo,5210.841462111473,439.95,20,0.2000930604021788,77.57430591580118
mtarjeta_visa_consumo__lag1,5168.092403116822,401.6,20,0.1984515232136559,77.77275743901484
cliente_edad__lag2,5081.054574802518,785.1,20,0.19510932492096178,77.9678667639358
cprestamos_personales__lag1,5033.897481685877,263.1,20,0.19329852197291822,78.16116528590872
matm,4969.22819314301,199.05,20,0.1908152616487151,78.35198054755743
catm_trx,4945.863500282168,154.9,20,0.1899180720232245,78.54189861958065
mpasivos_margen__delta1,4897.205573654175,761.15,20,0.18804963800491634,78.72994825758556
ccomisiones_otras__lag1,4879.062874475121,508.65,20,0.18735296967810408,78.91730122726366
Visa_mpagosdolares,4869.585172659159,137.15,20,0.18698903184278054,79.10429025910645
mcuenta_corriente__delta2,4849.264104086161,578.4,20,0.18620871549061768,79.29049897459707
Visa_msaldototal__lag1,4846.490606012941,503.3,20,0.18610221489536347,79.47660118949243
mactivos_margen__delta1,4836.57775143385,795.4,20,0.18572156746548593,79.66232275695792
mprestamos_personales__delta2,4828.69512527585,398.45,20,0.18541887954004646,79.84774163649797
mtransferencias_recibidas__lag1,4740.345022058487,685.8,20,0.18202629070997928,80.02976792720796
Visa_msaldopesos__lag1,4667.133025181293,521.25,20,0.17921499571667956,80.20898292292463
chomebanking_transacciones__delta2,4666.784544396401,679.5,20,0.17920161427200357,80.38818453719664
Visa_madelantopesos,4592.886664682626,38.75,20,0.1763639818057935,80.56454851900243
cpagomiscuentas,4567.77923425138,274.9,20,0.17539987214512706,80.73994839114755
ctarjeta_master_transacciones,4542.31038851738,265.5,20,0.17442188436237036,80.91437027550992
ctarjeta_debito_transacciones__lag1,4470.889055651426,295.6,20,0.17167934974966684,81.08604962525959
mcomisiones__delta1,4435.577480280399,692.8,20,0.17032340729104747,81.25637303255064
Master_msaldopesos,4373.478031501174,401.5,20,0.16793882721010053,81.42431185976073
mcuenta_corriente__lag2,4345.991131469607,618.85,20,0.16688334740165203,81.59119520716239
Visa_madelantodolares,4345.213516938687,34.15,20,0.16685348748892267,81.75804869465131
ctrx_quarter__lag2,4319.963623702526,400.4,20,0.1658839073454492,81.92393260199675
mcomisiones_otras__delta1,4253.756680393219,671.6,20,0.16334160203776385,82.08727420403451
tmobile_app,4215.426378875971,274.65,20,0.16186974237891777,82.24914394641343
ccuenta_debitos_automaticos,4205.626021525264,288.55,20,0.16149341477240808,82.41063736118583
chomebanking_transacciones__lag1,4162.421367874742,696.9,20,0.15983438303340636,82.57047174421925
mactivos_margen__delta2,4097.051892846823,582.45,20,0.15732423598511752,82.72779598020436
ccomisiones_mantenimiento__delta2,4059.8174977183344,255.7,20,0.15589445844771682,82.88369043865208
mautoservicio__lag1,4056.928509545326,349.95,20,0.1557835231047005,83.03947396175678
mcaja_ahorro__delta2,3984.8721066445114,515.75,20,0.15301660219896368,83.19249056395574
ctransferencias_recibidas__lag1,3979.739648628235,543.2,20,0.15281951901396762,83.34531008296972
mcaja_ahorro__lag2,3956.718388849497,455.6,20,0.15193551700451582,83.49724559997424
mcomisiones_mantenimiento__lag1,3947.05212688148,462.15,20,0.15156433857702134,83.64880993855125
mcomisiones_otras__lag2,3921.9036061108113,493.15,20,0.15059865107296286,83.79940858962422
Master_mlimitecompra__lag1,3915.3355620115994,692.3,20,0.1503464422782368,83.94975503190246
ctarjeta_visa_transacciones__lag1,3880.867420724034,368.15,20,0.14902288716209072,84.09877791906455
mcomisiones__lag2,3879.2955279290677,491.05,20,0.14896252745967875,84.24774044652422
Master_mfinanciacion_limite__lag1,3853.6153391867874,687.55,20,0.14797642423728938,84.3957168707615
mcuenta_debitos_automaticos__lag1,3853.235002979636,452.7,20,0.14796181956427754,84.54367869032578
Visa_mpagospesos__lag1,3730.7106256902216,639.6,20,0.1432569599357568,84.68693565026153
ccajas_transacciones,3595.245924180746,114.35,20,0.13805519993238966,84.82499085019393
mrentabilidad_annual__delta2,3588.1548862576483,591.85,20,0.13778290850119237,84.96277375869512
mcuentas_saldo__lag2,3558.4497962981463,495.8,20,0.13664225158373736,85.09941601027886
cproductos__lag1,3535.176433801651,326.45,20,0.13574856898724438,85.2351645792661
Visa_fechaalta__lag2,3429.4834179103373,591.3,20,0.13169002313306682,85.36685460239916
Visa_mfinanciacion_limite__lag1,3376.909003269672,595.95,20,0.12967119841909422,85.49652580081825
internet__lag2,3364.0410285711287,144.65,20,0.1291770762207255,85.62570287703898
Master_mpagospesos,3345.4199159383775,422.7,20,0.12846203711583762,85.75416491415481
mrentabilidad__delta2,3313.3566901266577,470.9,20,0.1272308292532147,85.88139574340804
mtransferencias_emitidas__delta1,3306.907633522153,493.05,20,0.12698318950403312,86.00837893291207
cproductos__delta2,3273.7956346988676,146.8,20,0.12571170941223625,86.1340906423243
thomebanking,3240.331148463488,366.3,20,0.1244266940237791,86.25851733634808
tcallcenter,3239.1549766123294,241.45,20,0.124381529758666,86.38289886610674
Master_fultimo_cierre,3238.2101412057877,503.5,20,0.12434524866866432,86.5072441147754
chomebanking_transacciones__lag2,3234.1719834178684,536.4,20,0.12419018592955651,86.63143430070495
ctransferencias_emitidas,3224.976320466399,322.4,20,0.12383707821062759,86.75527137891558
Visa_mlimitecompra__lag1,3222.0763882517813,577.3,20,0.12372572262324293,86.87899710153883
mactivos_margen__lag2,3194.4320805609227,522.75,20,0.12266419845890536,87.00166129999774
mttarjeta_visa_debitos_automaticos,3191.582889044285,534.0,20,0.12255479128265921,87.12421609128039
mcomisiones__delta2,3153.523346108198,467.95,20,0.12109332858436712,87.24530941986475
mcomisiones_otras__delta2,3117.7638547062875,465.6,20,0.11972018642967674,87.36502960629443
mcomisiones_mantenimiento__delta1,3109.5095511972904,211.35,20,0.11940322632589834,87.48443283262033
Visa_mpagospesos__delta1,3103.3272330492737,563.2,20,0.119165829166992,87.60359866178732
Visa_mpagominimo__lag2,3096.5620090961456,433.25,20,0.11890604878892251,87.72250471057625
ccaja_seguridad__lag1,3031.68271394372,132.35,20,0.11641472434196366,87.83891943491821
internet__lag1,3020.831355035305,298.35,20,0.1159980389314988,87.9549174738497
cliente_antiguedad__lag2,2992.8322210520505,570.25,20,0.11492288965895697,88.06984036350866
ctarjeta_visa_transacciones__delta1,2952.955438539386,401.45,20,0.1133916460949438,88.1832320096036
mplazo_fijo_dolares,2935.4471497893333,337.6,20,0.11271933873271146,88.29595134833632
Visa_cadelantosefectivo,2930.169226300716,32.0,20,0.11251666976435296,88.40846801810066
Visa_mconsumospesos__lag1,2929.2675964564087,538.1,20,0.11248204774097932,88.52095006584165
mrentabilidad__lag2,2900.72516515255,496.85,20,0.11138603619036234,88.63233610203201
cmobile_app_trx,2896.0421403437854,415.8,20,0.11120621096007308,88.74354231299209
Visa_Fvencimiento__lag2,2889.4347789406775,519.7,20,0.11095249240541274,88.85449480539751
Visa_msaldopesos__delta1,2878.940233749151,509.3,20,0.11054950841901248,88.96504431381652
Visa_msaldototal__delta1,2869.663198894262,483.8,20,0.1101932760697711,89.07523758988629
mcaja_ahorro_dolares__lag1,2855.63996193707,467.0,20,0.10965479252159334,89.18489238240788
Visa_cconsumos__lag1,2798.112042653561,457.5,20,0.10744575632049146,89.29233813872837
Visa_mconsumospesos__delta1,2796.3150746107103,507.55,20,0.10737675386901538,89.39971489259739
mpasivos_margen__lag2,2745.816507232189,420.75,20,0.10543764039450958,89.5051525329919
Master_fechaalta__lag2,2717.196847561002,478.95,20,0.10433866332278031,89.60949119631468
ccomisiones_mantenimiento__lag1,2699.4943542331457,250.05,20,0.10365889862595061,89.71315009494063
Visa_mconsumototal__lag1,2683.1638993382453,484.05,20,0.1030318193487476,89.81618191428937
Master_mfinanciacion_limite__lag2,2681.2520837187767,471.15,20,0.10295840682199818,89.91914032111137
mtransferencias_recibidas__lag2,2680.1249315977097,433.1,20,0.1029151248839306,90.0220554459953
mtarjeta_visa_consumo__delta1,2672.8315972596406,429.4,20,0.10263506539663828,90.12469051139195
Visa_fultimo_cierre,2671.678886166215,458.05,20,0.10259080200998179,90.22728131340193
mpayroll__lag2,2645.7754005253314,172.55,20,0.1015961243260309,90.32887743772797
Master_Fvencimiento__lag2,2615.195384460688,472.85,20,0.10042187079212223,90.42929930852009
ccaja_ahorro,2595.3699149161575,281.7,20,0.09966058513338183,90.52895989365346
mtransferencias_recibidas__delta1,2585.3561389803886,478.6,20,0.09927606238638623,90.62823595603984
Visa_mconsumototal__delta1,2554.115941610932,456.8,20,0.09807645830234837,90.72631241434219
mcaja_ahorro_dolares__delta2,2553.9733638226985,293.45,20,0.09807098340425362,90.82438339774644
mcomisiones_mantenimiento__lag2,2516.0206667542457,349.3,20,0.09661362352060321,90.92099702126704
Visa_mpagominimo__delta1,2452.992080011964,444.3,20,0.09419336512168867,91.01519038638872
ctransferencias_recibidas__lag2,2338.317608654499,337.3,20,0.08978993698234562,91.10498032337107
mtransferencias_recibidas__delta2,2252.614256757498,359.7,20,0.08649898175131715,91.19147930512239
ccomisiones_mantenimiento__lag2,2246.3990321546794,214.6,20,0.08626032100508117,91.27773962612747
ctarjeta_visa_transacciones__delta2,2224.5222283095122,309.65,20,0.08542026538929894,91.36315989151677
mtransferencias_emitidas__lag1,2219.046418380737,344.8,20,0.08520999770512624,91.4483698892219
mtarjeta_visa_consumo__delta2,2212.133376419544,351.95,20,0.08494454120779055,91.53331443042968
mcomisiones_mantenimiento__delta2,2209.193972849846,165.6,20,0.08483166994500227,91.61814610037469
Visa_mpagospesos__delta2,2140.4833568155764,388.5,20,0.08219322516705559,91.70033932554175
tmobile_app__delta1,2128.850620004535,180.45,20,0.08174653533273636,91.78208586087449
Master_mlimitecompra__lag2,2127.799164760113,376.3,20,0.08170616010749451,91.86379202098199
Master_status__delta1,2082.0639752924444,51.3,20,0.07994995737225508,91.94374197835424
minversion2,2066.560912644863,284.0,20,0.0793546494410281,92.02309662779527
Visa_mfinanciacion_limite__lag2,2034.9915593981743,360.3,20,0.07814240597670905,92.10123903377198
cdescubierto_preacordado__delta2,2005.9821625947952,120.3,20,0.0770284632423129,92.17826749701429
ccomisiones_otras__lag2,1996.597175860405,299.5,20,0.07666808560826431,92.25493558262255
mtarjeta_visa_consumo__lag2,1994.1679224312306,301.0,20,0.07657480379252105,92.33151038641508
mttarjeta_visa_debitos_automaticos__lag1,1958.4508853316306,337.1,20,0.07520329185654648,92.40671367827163
Visa_msaldototal__lag2,1958.192550754547,344.7,20,0.07519337196999606,92.48190705024163
mextraccion_autoservicio__lag1,1927.940314990282,255.05,20,0.07403170499507582,92.55593875523671
cprestamos_personales__lag2,1914.2463758707047,159.45,20,0.07350586627836939,92.62944462151508
ccallcenter_transacciones__delta1,1851.2673179030419,228.15,20,0.07108750975349258,92.70053213126857
ctarjeta_visa_transacciones__lag2,1839.1442525565624,289.25,20,0.07062199160939427,92.77115412287797
tcallcenter__delta1,1837.3532629489898,179.15,20,0.07055321872610211,92.84170734160408
cpayroll_trx__lag2,1822.6969873070716,73.7,20,0.06999042688746862,92.91169776849155
Master_msaldototal__lag1,1820.7325902879238,289.45,20,0.06991499526778412,92.98161276375933
Visa_mlimitecompra__lag2,1811.5768936097622,326.2,20,0.0695634222288099,93.05117618598814
Visa_cconsumos__delta2,1794.5129947006703,287.25,20,0.06890817915915602,93.12008436514729
ccallcenter_transacciones__delta2,1782.5625986486673,158.1,20,0.06844929140821408,93.1885336565555
Visa_mpagospesos__lag2,1767.0861964404583,329.15,20,0.067855007221222,93.25638866377673
ctarjeta_visa_debitos_automaticos,1758.3882653057576,292.8,20,0.06752101209345535,93.32390967587018
cextraccion_autoservicio__lag1,1700.6497012794018,139.4,20,0.06530388726567767,93.38921356313585
Visa_mconsumospesos__lag2,1677.8165039539338,321.25,20,0.06442710673707405,93.45364066987293
Master_mconsumospesos,1660.0318066388368,225.75,20,0.0637441854584324,93.51738485533136
Visa_msaldopesos__lag2,1641.0878800153732,282.75,20,0.0630167504977481,93.58040160582911
cproductos__lag2,1638.391530314088,207.25,20,0.06291321235183298,93.64331481818094
Master_msaldopesos__lag1,1625.5071857571602,236.65,20,0.062418461561117654,93.70573327974206
Visa_fultimo_cierre__lag1,1620.921048206091,296.5,20,0.06224235674106293,93.76797563648313
mcaja_ahorro_dolares__lag2,1597.8384777247907,276.05,20,0.061356000438892715,93.82933163692202
mprestamos_personales__lag2,1574.83226287961,184.9,20,0.06047257614550098,93.88980421306752
ctarjeta_debito,1568.6320916235447,287.1,20,0.06023449343838652,93.95003870650591
Visa_cconsumos__lag2,1555.0475660294294,277.0,20,0.059712856132780066,94.00975156263868
Visa_cconsumos__delta1,1543.7910322904586,251.9,20,0.05928061226166479,94.06903217490034
Visa_mconsumototal__lag2,1512.4257987082005,289.8,20,0.058076206865082226,94.12710838176542
cplazo_fijo__delta1,1498.3288362801075,154.2,20,0.0575348923048291,94.18464327407025
mttarjeta_visa_debitos_automaticos__delta2,1488.6079328000546,229.9,20,0.057161615677370575,94.24180488974763
Visa_mconsumosdolares__delta1,1484.2009916961192,229.45,20,0.056992391889061106,94.2987972816367
Master_fultimo_cierre__lag1,1457.7488558709622,274.5,20,0.055976646380410555,94.35477392801711
Visa_mconsumospesos__delta2,1439.571014225483,273.45,20,0.05527862860481769,94.41005255662193
ctarjeta_visa_debitos_automaticos__lag2,1432.969567900896,219.6,20,0.05502513718548135,94.46507769380742
mpagomiscuentas__lag1,1427.0830424904823,224.35,20,0.0547990982831142,94.51987679209053
Master_mconsumototal,1418.1904892325401,205.6,20,0.05445762978726593,94.5743344218778
Visa_mpagominimo__delta2,1380.4296625196935,262.25,20,0.053007637605537145,94.62734205948333
tcuentas,1375.8763373017312,107.25,20,0.052832792758597716,94.68017485224192
mttarjeta_visa_debitos_automaticos__delta1,1358.905633753538,231.65,20,0.05218112833264528,94.73235598057457
Visa_msaldopesos__delta2,1355.2774705350398,243.45,20,0.052041809129152614,94.78439778970372
Visa_msaldototal__delta2,1312.1557192862033,244.25,20,0.05038596079064168,94.83478375049435
Master_mfinanciacion_limite__delta1,1294.8766079008578,181.9,20,0.04972245369619959,94.88450620419056
tmobile_app__lag1,1294.117049843073,127.4,20,0.0496932871407708,94.93419949133133
Visa_mconsumototal__delta2,1290.1910176753997,246.0,20,0.04954252995551021,94.98374202128684
ccajas_consultas__delta1,1283.477162641287,101.8,20,0.049284722111874936,95.03302674339872
Visa_mpagado,1282.8165897846222,239.4,20,0.04925935652639902,95.08228609992513
mttarjeta_visa_debitos_automaticos__lag2,1276.5503894627095,207.1,20,0.04901873834436042,95.13130483826949
matm__lag1,1267.423204523325,193.7,20,0.04866826013836294,95.17997309840784
ctransferencias_emitidas__delta1,1249.5491767704486,191.85,20,0.047981908626655786,95.2279550070345
mcuenta_debitos_automaticos__lag2,1245.618671274185,205.35,20,0.04783097966836883,95.27578598670286
Master_mpagospesos__delta1,1225.490366655588,234.5,20,0.04705806533176371,95.32284405203463
ctransferencias_emitidas__lag1,1222.448588553071,185.35,20,0.046941262950800394,95.36978531498542
mautoservicio__delta1,1203.9297380954026,219.4,20,0.0462301506496206,95.41601546563504
Master_mpagominimo__lag1,1193.9903600752355,150.85,20,0.04584848473615727,95.4618639503712
Master_mpagospesos__lag1,1179.7785048037767,211.4,20,0.04530275836241594,95.5071667087336
ctransferencias_emitidas__lag2,1178.8695685088635,187.2,20,0.04526785577589854,95.55243456450951
cmobile_app_trx__lag1,1178.2544616997243,169.6,20,0.04524423605827524,95.59767880056779
tmobile_app__delta2,1173.8261668920518,110.3,20,0.0450741923010677,95.64275299286886
ccomisiones_otras__delta1,1173.715176564455,206.6,20,0.045069930341749734,95.68782292321062
ctarjeta_debito_transacciones__delta1,1172.6809155225753,205.75,20,0.04503021536315574,95.73285313857377
mautoservicio__lag2,1153.9632921695709,175.55,20,0.04431147030683612,95.77716460888061
mautoservicio__delta2,1141.917298012972,180.35,20,0.04384891164833416,95.82101352052895
Master_mpagospesos__delta2,1140.7250719189644,182.8,20,0.04380313091031404,95.86481665143927
ctransferencias_recibidas__delta1,1139.4297214150429,205.05,20,0.04375339025930637,95.90857004169858
Visa_delinquency,1128.4916044354438,86.55,20,0.043333373393048054,95.95190341509164
ctarjeta_visa_debitos_automaticos__lag1,1127.1923313975335,189.7,20,0.04328348211918301,95.99518689721081
Master_msaldodolares,1116.900405859947,152.35,20,0.04288827860105245,96.03807517581187
thomebanking__delta1,1090.866531139612,162.2,20,0.04188859405781787,96.07996376986969
cpagomiscuentas__lag1,1081.2777498036623,175.1,20,0.04152039083824419,96.12148416070794
mplazo_fijo_dolares__delta2,1066.939241605997,135.8,20,0.040969801071172283,96.16245396177911
mtransferencias_emitidas__lag2,1056.8124589920044,174.6,20,0.04058093893825291,96.20303490071736
cplazo_fijo,1051.2905615150928,165.9,20,0.04036890152099198,96.24340380223835
mprestamos_prendarios,1048.034516698122,164.8,20,0.04024387143190338,96.28364767367025
ctarjeta_debito_transacciones__lag2,1044.573802381754,138.65,20,0.040110982161758686,96.32375865583201
Master_cconsumos,1020.7270025283099,120.5,20,0.039195279928603353,96.36295393576061
matm_other,1013.1216865479946,165.7,20,0.03890324054093597,96.40185717630155
thomebanking__delta2,999.6815168380738,152.9,20,0.03838714641119958,96.44024432271274
ctransferencias_recibidas__delta2,962.625029951334,160.15,20,0.036964200439261206,96.477208523152
ccuenta_debitos_automaticos__lag1,947.9744877159595,129.45,20,0.03640162875986116,96.51361015191186
Master_mlimitecompra__delta1,945.1101748526096,155.55,20,0.0362916409333375,96.5499017928452
Master_mpagominimo__delta1,941.767634049058,172.25,20,0.036163289452340645,96.58606508229755
cpagomiscuentas__lag2,933.8248803913593,154.85,20,0.03585829266843436,96.62192337496599
cplazo_fijo__delta2,928.9318860173225,80.5,20,0.03567040473786682,96.65759377970386
Master_fultimo_cierre__delta1,924.406455886364,167.0,20,0.03549663104486085,96.69309041074872
ctarjeta_master__delta1,921.872341644764,20.55,20,0.03539932263935718,96.72848973338809
cextraccion_autoservicio__delta1,921.8308831512928,167.9,20,0.035397730659079404,96.76388746404717
ctarjeta_visa__lag2,914.8053762853145,28.8,20,0.035127955579581885,96.79901541962676
ccomisiones_otras__delta2,883.5987518906593,171.45,20,0.033929640676825724,96.83294506030359
Visa_mconsumosdolares__lag1,866.8676016330719,153.1,20,0.03328717494774311,96.86623223525133
ccajas_transacciones__delta1,865.1428192973137,76.55,20,0.03322094438237303,96.89945317963371
mextraccion_autoservicio__delta2,843.9079192280769,126.25,20,0.03240553747101667,96.93185871710473
Visa_mlimitecompra__delta1,840.6341618418694,144.6,20,0.032279827230322626,96.96413854433506
Visa_fultimo_cierre__delta1,839.9278652966022,132.9,20,0.03225270588373752,96.99639125021879
ctarjeta_debito__lag1,838.4198358178139,158.7,20,0.032194798492813904,97.0285860487116
Visa_mpagado__lag1,834.3681625008583,137.65,20,0.03203921676582523,97.06062526547743
mtransferencias_emitidas__delta2,807.7330651849509,134.6,20,0.03101644565010408,97.09164171112754
Visa_mconsumosdolares__lag2,807.4737583518029,149.3,20,0.03100648842952751,97.12264819955706
active_quarter__lag1,797.6950274944305,43.6,20,0.030630991266866185,97.15327919082392
ccaja_ahorro__lag1,797.6762659877538,98.05,20,0.03063027083671762,97.18390946166065
Visa_msaldodolares,781.244069775939,93.35,20,0.029999284756435145,97.21390874641708
thomebanking__lag1,770.6361303448678,136.85,20,0.029591946501998225,97.24350069291907
Master_msaldototal__delta1,769.3614721000195,128.8,20,0.029543000420826297,97.2730436933399
mextraccion_autoservicio__lag2,766.5109462559224,130.7,20,0.029433542007238373,97.30247723534714
ccheques_depositados,755.9533740401268,80.4,20,0.029028137822437187,97.33150537316958
mcuenta_debitos_automaticos__delta2,754.7257969081402,150.85,20,0.028980999626618924,97.3604863727962
tcallcenter__delta2,747.117842066288,61.05,20,0.028688858908315257,97.38917523170451
mextraccion_autoservicio__delta1,742.3634938389063,139.95,20,0.028506294903259344,97.41768152660778
ctransferencias_emitidas__delta2,740.8897243857384,119.85,20,0.02844970307594013,97.44613122968371
Visa_status__delta1,739.3749635696411,34.6,20,0.028391537205864438,97.47452276688958
Visa_mfinanciacion_limite__delta1,734.6876017570496,110.55,20,0.02821154543733466,97.50273431232691
Visa_mfinanciacion_limite__delta2,729.0489793121815,140.75,20,0.027995025854144557,97.53072933818105
ctarjeta_debito_transacciones__delta2,714.8474927484989,125.9,20,0.027449697632311414,97.55817903581335
mplazo_fijo_dolares__lag1,713.3030084729195,122.35,20,0.02739039039994006,97.5855694262133
matm__delta2,711.9278422087431,112.55,20,0.027337584873546365,97.61290701108685
cpayroll_trx__delta1,709.3392563462257,74.0,20,0.027238184791791617,97.64014519587865
Master_mpagominimo__lag2,707.5324853807688,116.25,20,0.027168805914204813,97.66731400179285
Visa_fultimo_cierre__lag2,705.4012019306422,131.95,20,0.027086965959713556,97.69440096775256
Master_msaldopesos__delta1,695.0881839841604,110.85,20,0.026690952506243808,97.7210919202588
mpagomiscuentas__delta1,686.4893788278102,133.0,20,0.02636076375418783,97.74745268401298
cprestamos_personales__delta2,684.1548134446144,36.8,20,0.026271117900321578,97.7737238019133
cdescubierto_preacordado__lag2,681.8768174052238,54.6,20,0.02618364427395625,97.79990744618726
Visa_delinquency__delta1,671.0066539883613,112.75,20,0.025766236782101666,97.82567368296937
mtarjeta_master_consumo__lag1,666.5948142796755,93.35,20,0.02559682489042667,97.8512705078598
mcheques_depositados,664.8535920023918,70.2,20,0.0255299630415611,97.87680047090136
Visa_mpagado__delta1,642.6084230482578,116.6,20,0.024675762435466937,97.90147623333682
mcheques_emitidos,638.9152019619942,74.1,20,0.02453394505045041,97.92601017838727
mpagomiscuentas__lag2,638.7569253623485,112.75,20,0.024527867327794016,97.95053804571506
mpagomiscuentas__delta2,638.3011637926102,103.55,20,0.024510366367926837,97.97504841208298
ctarjeta_visa_descuentos__lag1,621.3928239285946,122.25,20,0.02386109666852974,97.99890950875151
Master_msaldototal__lag2,619.7402865052223,107.4,20,0.023797640262711993,98.02270714901422
ccajas_extracciones__lag1,611.3786324262619,128.15,20,0.023476557964037418,98.04618370697825
Master_mconsumosdolares,606.3233993530273,56.45,20,0.023282440168663165,98.06946614714691
ctarjeta_master__delta2,603.5759908556938,10.3,20,0.023176941396842222,98.09264308854375
matm__lag2,597.6666456758976,102.6,20,0.022950026229571107,98.11559311477332
catm_trx__lag1,593.126597416401,82.85,20,0.022775691209551488,98.13836880598286
internet__delta2,590.3261777460575,81.35,20,0.02266815684176774,98.16103696282464
ctarjeta_debito__lag2,588.1776523530483,108.55,20,0.022585654807429356,98.18362261763207
tcuentas__lag1,585.5472786247731,86.9,20,0.02248465009770656,98.20610726772978
catm_trx_other,584.1121955513954,94.2,20,0.02242954380322967,98.228536811533
ccajas_transacciones__delta2,583.564658331871,31.0,20,0.022408518715681842,98.25094533024868
ccajas_extracciones,583.5494761168957,128.85,20,0.02240793572810101,98.27335326597678
cmobile_app_trx__lag2,581.3415679931641,97.0,20,0.022323153433959735,98.29567641941074
Master_fultimo_cierre__lag2,579.144935119152,110.85,20,0.02223880410237155,98.31791522351311
ccheques_emitidos,578.4281850218773,65.15,20,0.02221128134591272,98.34012650485903
Master_mconsumospesos__lag1,573.6640195012093,102.05,20,0.02202834036292094,98.36215484522195
Master_msaldopesos__lag2,559.5727749228478,98.7,20,0.021487245364529364,98.38364209058648
ctarjeta_master_transacciones__lag1,555.6424033671617,82.3,20,0.021336321549477,98.40497841213596
Master_mfinanciacion_limite__delta2,554.9844514250756,82.6,20,0.02131105660548536,98.42628946874144
internet__delta1,551.030998390913,95.15,20,0.021159246476063133,98.4474487152175
cextraccion_autoservicio__delta2,549.0002112567424,101.95,20,0.021081265517391454,98.4685299807349
ctarjeta_master__lag2,545.7054356396199,18.45,20,0.020954748189746374,98.48948472892465
ccajas_consultas__delta2,543.1179153859615,16.8,20,0.020855389026706837,98.51034011795136
Master_mpagominimo__delta2,540.121814879775,86.3,20,0.020740340636938234,98.53108045858829
mcheques_depositados__delta1,525.536738216877,98.75,20,0.020180282794668533,98.55126074138296
matm__delta1,515.8439561009407,104.1,20,0.019808086010043403,98.571068827393
ccajas_otras__delta1,510.05875212550166,111.5,20,0.019585937787551255,98.59065476518056
Master_mpagosdolares,504.46151623129845,41.8,20,0.019371007422080068,98.61002577260264
mcuenta_debitos_automaticos__delta1,496.5606242060661,98.6,20,0.0190676180987374,98.62909339070137
matm_other__delta1,494.21868834495547,86.35,20,0.01897768922311865,98.64807107992449
Master_mpagospesos__lag2,490.01530963480474,93.2,20,0.018816282103700628,98.66688736202819
Visa_mlimitecompra__delta2,482.8771903395653,84.55,20,0.018542182777193474,98.68542954480539
Master_mconsumototal__lag1,482.6533093929291,87.25,20,0.018533585888551994,98.70396313069394
Master_mlimitecompra__delta2,470.46752323508264,77.55,20,0.018065659304437116,98.72202878999838
Master_cconsumos__lag1,462.35309905409815,79.45,20,0.01775407047956492,98.73978286047794
cdescubierto_preacordado__lag1,454.6278645932674,43.15,20,0.01745742629707896,98.75724028677503
cprestamos_personales__delta1,454.3949116230011,30.8,20,0.017448481048391338,98.77468876782342
Master_Fvencimiento__delta1,448.55774865150454,68.1,20,0.017224337632874766,98.79191310545629
Master_madelantopesos,439.8439131349325,30.15,20,0.01688973178676914,98.80880283724306
cdescubierto_preacordado__delta1,436.1828449368477,37.4,20,0.016749149052594177,98.82555198629566
Master_msaldototal__delta2,434.7229642808437,75.15,20,0.016693090546418977,98.84224507684209
thomebanking__lag2,417.5419307112694,71.15,20,0.016033349578898605,98.858278426421
Master_fechaalta__delta1,416.11335095763206,62.3,20,0.01597849300784145,98.87425691942883
ctarjeta_visa_debitos_automaticos__delta1,415.3297379851341,73.05,20,0.015948402758698767,98.89020532218753
Visa_mconsumosdolares__delta2,413.12265889048575,75.8,20,0.015863652298756945,98.90606897448629
minversion1_pesos,410.8959525167942,89.25,20,0.015778148163547955,98.92184712264984
ctarjeta_visa__delta2,394.96120010614396,9.0,20,0.015166263614808292,98.93701338626464
Master_mpagado,393.63281310200693,37.05,20,0.015115254382808255,98.95212864064744
Master_delinquency,391.90795556902884,28.55,20,0.015049020929911863,98.96717766157735
cextraccion_autoservicio__lag2,391.27970614433286,61.9,20,0.015024896544052618,98.9822025581214
Master_mconsumospesos__lag2,388.5170028030872,75.3,20,0.014918810459769952,98.99712136858118
Master_msaldopesos__delta2,385.8825604557991,68.7,20,0.014817649517616018,99.01193901809879
Visa_delinquency__lag1,383.12737262248993,25.35,20,0.01471185202414818,99.02665087012294
Master_madelantodolares,381.3209750413895,24.5,20,0.014642487484287658,99.04129335760722
mtarjeta_master_consumo__lag2,380.8720860481262,54.35,20,0.0146252504270684,99.05591860803429
ctarjeta_master_transacciones__lag2,378.3417078256607,55.35,20,0.01452808548236809,99.07044669351666
mprestamos_prendarios__lag1,374.99495950937273,59.4,20,0.014399572435507794,99.08484626595217
Master_status__delta2,373.19448575973513,16.15,20,0.014330435367078774,99.09917670131925
Master_fultimo_cierre__delta2,368.380632519722,58.7,20,0.014145586406670973,99.11332228772592
mplazo_fijo_dolares__delta1,365.9539575338364,46.3,20,0.014052403601540971,99.12737469132746
mforex_sell,358.7253910243511,92.95,20,0.013774831158448929,99.1411495224859
Master_status__lag1,356.4966039955616,38.6,20,0.013689247127382578,99.15483876961329
Master_mconsumospesos__delta1,355.8224233686924,61.5,20,0.01366335901202252,99.16850212862532
mtarjeta_visa_descuentos__lag2,353.0964363217354,66.55,20,0.013558682810528317,99.18206081143585
catm_trx__delta2,351.3697743177414,61.85,20,0.013492380067070963,99.19555319150292
Visa_Fvencimiento__delta1,344.5797703623772,50.05,20,0.013231648152379167,99.20878483965531
cpagomiscuentas__delta2,339.57709645032884,57.4,20,0.013039548595995756,99.2218243882513
Visa_mpagosdolares__lag1,339.03201776742935,61.5,20,0.013018617914720117,99.23484300616603
Visa_mpagosdolares__lag2,333.6062291204929,63.8,20,0.012810271016555038,99.2476532771826
catm_trx_other__delta1,333.2081781804562,61.75,20,0.012794986108854997,99.26044826329145
ccuenta_debitos_automaticos__lag2,332.73144253492353,56.85,20,0.012776679757565858,99.27322494304902
Master_mconsumototal__delta1,329.8778197735548,56.75,20,0.012667102424287285,99.2858920454733
catm_trx__lag2,325.0068318068981,56.15,20,0.012480059526030391,99.29837210499933
Master_cadelantosefectivo,324.4729897916317,26.85,20,0.012459560325779795,99.31083166532511
Master_mconsumototal__lag2,324.30450823307035,62.55,20,0.012453090739069283,99.32328475606418
cmobile_app_trx__delta2,319.7439636349678,66.95,20,0.012277968672437613,99.33556272473662
mtarjeta_master_consumo__delta1,308.702774232626,60.0,20,0.011853993889466674,99.34741671862608
Visa_msaldodolares__delta1,307.07888492941856,44.5,20,0.011791637553585851,99.35920835617966
ctarjeta_visa_debitos_automaticos__delta2,300.14634029865266,47.05,20,0.011525432165908876,99.37073378834558
ccajas_consultas__lag1,297.02903949022294,57.5,20,0.011405729760167262,99.38213951810575
ccajeros_propios_descuentos,294.6381634712219,65.65,20,0.011313921613025852,99.39345343971877
Visa_fultimo_cierre__delta2,291.47648184895513,53.9,20,0.011192515011728039,99.4046459547305
ctarjeta_visa__lag1,286.6954763650894,18.05,20,0.011008927384658179,99.41565488211515
ctarjeta_master__lag1,285.8079920709133,10.7,20,0.010974848541582302,99.42662973065673
mttarjeta_master_debitos_automaticos__lag2,269.09726544618604,53.2,20,0.010333167067256472,99.43696289772399
Master_mconsumospesos__delta2,268.4887412726879,51.2,20,0.010309800118733994,99.44727269784272
matm_other__lag1,258.91517090797424,47.8,20,0.009942180990963613,99.45721487883368
Visa_fechaalta__delta1,256.71960844397546,44.8,20,0.009857872762451965,99.46707275159613
Master_cconsumos__delta1,253.12253847420214,38.4,20,0.009719747520307088,99.47679249911644
Visa_msaldodolares__lag1,251.01928041577338,36.45,20,0.00963898372336823,99.4864314828398
Master_mconsumototal__delta2,243.26561179161072,46.5,20,0.009341247686754213,99.49577273052655
Visa_mpagosdolares__delta1,242.61630608439447,37.35,20,0.009316314752786029,99.50508904527933
ccallcenter_transacciones__lag1,238.797874468565,40.7,20,0.009169689361569816,99.5142587346409
mplazo_fijo_dolares__lag2,237.3936156451702,43.75,20,0.009115766699056884,99.52337450133996
Visa_madelantopesos__delta1,230.99790394306183,10.4,20,0.00887017536083829,99.5322446767008
ccajas_otras__lag1,230.35319769382477,42.5,20,0.008845419043186288,99.54109009574398
ccajas_transacciones__lag1,226.11952063441277,39.55,20,0.008682848486063835,99.54977294423004
mtarjeta_master_consumo__delta2,224.94406102895738,39.45,20,0.008637711570741256,99.55841065580078
catm_trx__delta1,220.3249198436737,41.75,20,0.0084603394317281,99.5668709952325
ctarjeta_visa__delta1,215.47931343317032,6.45,20,0.008274271169388534,99.57514526640189
Visa_mpagado__delta2,207.6509114921093,39.5,20,0.007973665420041761,99.58311893182193
tmobile_app__lag2,196.6363801717758,39.65,20,0.0075507142907843905,99.59066964611272
mttarjeta_master_debitos_automaticos,194.15778334736825,41.05,20,0.007455537719456145,99.59812518383217
cseguro_vida,182.4835765659809,33.95,20,0.0070072554641543066,99.60513243929633
ctarjeta_visa_descuentos__delta1,180.18260682821273,32.75,20,0.006918899662107649,99.61205133895844
ctarjeta_master_transacciones__delta2,179.83384602069856,33.9,20,0.006905507464737751,99.61895684642317
cplazo_fijo__lag1,178.56614875495433,31.85,20,0.006856828680819529,99.625813675104
Visa_msaldodolares__delta2,176.98404788970947,34.45,20,0.006796076994879058,99.63260975209887
tcallcenter__lag1,169.71888329982758,27.55,20,0.006517099208338235,99.63912685130721
cinversion1,168.5821239709854,35.45,20,0.00647344835948731,99.6456002996667
ccaja_ahorro__lag2,168.05243205726146,28.65,20,0.006453108520546142,99.65205340818724
Visa_mpagado__lag2,162.94890803694724,28.15,20,0.0062571363829392315,99.65831054457018
ccajas_otras__delta2,159.04111580848695,10.4,20,0.0061070795999620675,99.66441762417014
ccallcenter_transacciones__lag2,155.61327677071094,29.6,20,0.005975452720000009,99.67039307689014
Visa_msaldodolares__lag2,155.29628759622574,28.15,20,0.00596328053351184,99.67635635742364
ctarjeta_master_debitos_automaticos__lag2,154.2703973889351,32.05,20,0.005923886989742379,99.68228024441339
Visa_delinquency__lag2,152.82491756677626,12.65,20,0.005868381466600218,99.68814862587999
Visa_status__lag1,152.62708387970923,23.65,20,0.0058607847764718165,99.69400941065646
matm_other__lag2,151.1717981874943,27.7,20,0.0058049027140386995,99.6998143133705
cseguro_vivienda,146.08811202049256,30.95,20,0.005609692337619491,99.70542400570811
Master_cconsumos__delta2,140.43616883158683,23.4,20,0.005392661246170944,99.71081666695429
mttarjeta_master_debitos_automaticos__lag1,138.8063055753708,27.15,20,0.005330075514222542,99.71614674246851
cpagomiscuentas__delta1,138.41648584008217,29.0,20,0.005315106679648277,99.72146184914816
Master_cconsumos__lag2,137.7607458293438,26.5,20,0.005289926672440068,99.7267517758206
active_quarter__lag2,137.3588736116886,18.35,20,0.005274495030064088,99.73202627085067
catm_trx_other__lag2,135.53166871070863,28.6,20,0.005204331502104672,99.73723060235277
ctarjeta_master_transacciones__delta1,135.194998806715,22.7,20,0.005191403587884826,99.74242200594065
Master_mpagado__delta1,134.73936445713042,26.85,20,0.005173907513192161,99.74759591345385
mcheques_depositados__lag2,132.3017454266548,29.45,20,0.0050803044635793606,99.75267621791743
mtarjeta_visa_descuentos__delta2,131.8270961791277,23.35,20,0.005062078228671649,99.7577382961461
cmobile_app_trx__delta1,130.72325026392937,24.1,20,0.0050196912343655545,99.76275798738047
catm_trx_other__lag1,129.64728261828424,22.95,20,0.004978374748213312,99.76773636212869
Visa_delinquency__delta2,127.94839866161347,20.35,20,0.00491313866443872,99.77264950079312
ccheques_depositados__lag2,125.80527565479278,26.6,20,0.0048308440783587005,99.77748034487148
ccajas_otras,122.70367228984833,23.1,20,0.004711744444651181,99.78219208931613
matm_other__delta2,120.66135447025299,18.3,20,0.004633320714854738,99.78682541003099
cseguro_accidentes_personales,116.03565800786018,24.75,20,0.004455696857291307,99.79128110688828
cpayroll_trx__delta2,115.69963610768318,14.2,20,0.0044427938260136425,99.7957239007143
ccajas_transacciones__lag2,113.40308155715465,22.5,20,0.0043546075644017605,99.8000785082787
Master_delinquency__lag1,112.4580800294876,8.5,20,0.004318320095452549,99.80439682837415
cseguro_accidentes_personales__lag1,110.79521102905274,24.5,20,0.004254466963522855,99.80865129533767
Master_mpagado__lag1,110.00653998851776,14.8,20,0.004224182487723956,99.81287547782539
Master_mconsumosdolares__lag1,107.4304791212082,17.2,20,0.004125263357969163,99.81700074118335
ccaja_seguridad__lag2,107.24265555143356,6.75,20,0.004118051050098134,99.82111879223345
Master_mpagosdolares__lag1,104.26932245492935,14.35,20,0.004003876914653695,99.8251226691481
Master_msaldodolares__delta1,101.33970081806183,8.25,20,0.003891381271981862,99.82901405042008
cseguro_vivienda__lag1,100.96347988247871,21.05,20,0.0038769346228301736,99.83289098504291
Master_mconsumosdolares__delta1,99.80801647901535,9.1,20,0.0038325655491857767,99.8367235505921
Master_mpagosdolares__delta1,96.20586126744747,8.75,20,0.003694245036929352,99.84041779562902
mttarjeta_master_debitos_automaticos__delta1,95.2490344285965,19.7,20,0.0036575034834100757,99.84407529911243
Visa_madelantopesos__lag1,94.3390039563179,14.2,20,0.0036225588811646487,99.8476978579936
Visa_mpagosdolares__delta2,91.93011563420296,19.2,20,0.0035300590728239555,99.85122791706642
Visa_status__delta2,91.48282343149185,14.5,20,0.003512883331365448,99.85474080039779
Master_msaldodolares__lag2,89.1342808842659,7.35,20,0.0034227007631226695,99.85816350116092
cliente_edad__delta2,88.27479740977287,17.1,20,0.003389697134049157,99.86155319829497
Master_delinquency__delta2,84.3845037817955,5.95,20,0.003240312286410813,99.86479351058138
ctarjeta_visa_descuentos__delta2,83.08436777591706,14.7,20,0.0031903878751143176,99.86798389845649
Master_msaldodolares__delta2,82.86158990859985,7.75,20,0.003181833344030329,99.87116573180052
cliente_edad__delta1,81.78319962024689,17.25,20,0.003140423829909917,99.87430615563042
tcallcenter__lag2,75.98870208263398,12.1,20,0.002917918740429793,99.87722407437086
Visa_cadelantosefectivo__lag1,73.36618802547454,11.6,20,0.00281721583717314,99.88004129020803
tcuentas__lag2,73.31338288784028,15.1,20,0.0028151881528401925,99.88285647836086
cseguro_vida__lag1,71.68043594360351,14.1,20,0.002752484009196121,99.88560896237006
cplazo_fijo__lag2,71.02723205089569,12.7,20,0.0027274013873376615,99.88833636375739
Master_mpagado__delta2,66.3296558022499,8.55,20,0.0025470173908375554,99.89088338114823
Master_Fvencimiento__delta2,66.22523655891419,7.0,20,0.002543007757054636,99.89342638890528
ctarjeta_master_debitos_automaticos,65.44991292059422,12.55,20,0.0025132358131715582,99.89593962471845
cseguro_accidentes_personales__lag2,65.4229229092598,11.9,20,0.0025121994135790045,99.89845182413202
Master_delinquency__delta1,64.30906196832657,8.15,20,0.0024694278485344087,99.90092125198056
Visa_madelantodolares__lag1,63.40504364967346,10.1,20,0.0024347141092364113,99.9033559660898
catm_trx_other__delta2,61.903843933343886,12.7,20,0.00237706897692921,99.90573303506673
active_quarter__delta2,61.813253092765805,5.65,20,0.0023735903451827874,99.90810662541192
Master_madelantopesos__lag1,60.313431626558305,7.75,20,0.0023159981368201985,99.91042262354874
cseguro_vivienda__lag2,59.48548804819584,10.25,20,0.0022842056200761277,99.91270682916881
Master_msaldodolares__lag1,56.29627274274826,8.25,20,0.002161741742526129,99.91486857091134
Visa_madelantodolares__delta1,56.26064890027046,8.8,20,0.002160373809205475,99.91702894472054
Master_madelantopesos__delta1,54.23081014156342,4.25,19,0.002082429267559782,99.9191113739881
ccajas_otras__lag2,52.85424890518188,3.2,20,0.00202957017510392,99.92114094416321
ctarjeta_master_debitos_automaticos__lag1,51.38639450073242,10.2,20,0.0019732054819643027,99.92311414964517
Master_mpagado__lag2,50.92347366213799,9.65,20,0.001955429610640677,99.92506957925582
ctarjeta_visa_descuentos__lag2,50.26888439655304,9.85,20,0.0019302937913282562,99.92699987304715
Visa_status__lag2,49.785986518859865,6.45,20,0.0019117508141695938,99.92891162386132
Master_mconsumosdolares__lag2,48.57591708898544,9.15,20,0.001865284903187036,99.93077690876451
mtarjeta_visa_descuentos__delta1,47.57186914086342,8.8,20,0.0018267300885393349,99.93260363885305
cseguro_auto__lag1,47.28103903532028,11.6,20,0.0018155623939743895,99.93441920124702
mtarjeta_visa_descuentos__lag1,46.9968189060688,9.25,20,0.0018046485183741928,99.9362238497654
Master_cadelantosefectivo__lag1,46.3866225361824,6.8,20,0.0017812173585539139,99.93800506712395
ctarjeta_master_debitos_automaticos__delta1,45.37235095500946,9.5,20,0.0017422699627769535,99.93974733708673
Master_cadelantosefectivo__delta1,45.24382431507111,4.7,19,0.0017373346200083302,99.94148467170673
Master_madelantodolares__lag1,45.243504762649536,5.85,20,0.0017373223493947535,99.94322199405613
Visa_cadelantosefectivo__delta1,44.954105818271636,8.0,20,0.0017262096105254596,99.94494820366666
cseguro_vida__lag2,44.68103199005127,9.1,20,0.0017157237459291856,99.94666392741259
mcheques_depositados__lag1,43.88047851324082,5.1,20,0.001684982991992354,99.94834891040458
Visa_madelantopesos__lag2,43.56090295314789,7.95,20,0.0016727114899108412,99.95002162189449
Master_madelantodolares__delta1,43.504316467046735,3.6,19,0.0016705386041564554,99.95169216049865
Master_delinquency__lag2,43.45270050764084,8.35,20,0.001668556583525389,99.95336071708218
ccajas_extracciones__lag2,40.552309930324554,8.85,20,0.0015571833952991452,99.95491790047748
Master_fechaalta__delta2,39.83404620885849,2.2,17,0.0015296025166159225,99.9564475029941
Visa_madelantodolares__lag2,39.5004110455513,6.9,20,0.0015167911345446545,99.95796429412864
Master_status__lag2,38.48952820301056,5.2,20,0.0014779738642164816,99.95944226799286
minversion1_pesos__delta1,37.64624236822128,9.35,20,0.001445592214399713,99.96088786020725
mttarjeta_master_debitos_automaticos__delta2,35.978776001930235,6.2,20,0.0013815625464900548,99.96226942275374
ccheques_depositados__lag1,35.50731995105743,4.1,20,0.0013634589283412042,99.96363288168207
Visa_cadelantosefectivo__lag2,35.18074297904968,6.3,20,0.0013509185764112822,99.96498380025848
ccuenta_debitos_automaticos__delta1,34.987107169628146,6.7,20,0.0013434830821648484,99.96632728334065
mcaja_ahorro_adicional__lag2,33.36422545909882,5.45,20,0.0012811654372140934,99.96760844877787
ccajas_extracciones__delta2,32.06897504329682,7.85,20,0.0012314286295277588,99.96883987740739
ccajas_consultas__lag2,29.172090458869935,5.7,20,0.0011201900692406085,99.96996006747663
Master_mconsumosdolares__delta2,29.01183511018753,4.55,20,0.0011140363638560107,99.9710741038405
ccuenta_debitos_automaticos__delta2,28.983102259039878,5.55,20,0.0011129330403022207,99.9721870368808
ccajas_extracciones__delta1,28.58906100988388,6.75,20,0.0010978021022298172,99.97328483898303
active_quarter__delta1,28.5373353600502,3.7,19,0.0010958158695547747,99.9743806548526
ctarjeta_master_debitos_automaticos__delta2,28.384509122371675,6.0,20,0.001089947437396707,99.97547060228999
Master_mpagosdolares__lag2,27.657771003246307,5.25,20,0.0010620411471316804,99.97653264343712
Master_mpagosdolares__delta2,24.72250646352768,4.5,19,0.0009493288205117292,99.97748197225764
Visa_madelantopesos__delta2,23.360743963718413,4.15,20,0.000897037990305326,99.97837901024793
ccheques_depositados__delta1,21.353886926174162,3.25,20,0.0008199759324109058,99.97919898618035
Visa_cadelantosefectivo__delta2,20.799427485466005,3.85,20,0.0007986850358893253,99.97999767121624
Master_madelantopesos__lag2,20.000584584474563,3.75,20,0.0007680099669964862,99.98076568118323
mcheques_emitidos__lag1,19.33000202178955,2.95,20,0.0007422600150557857,99.98150794119829
Visa_Fvencimiento__delta2,19.173642408847808,2.4,16,0.0007362559034925574,99.98224419710178
ctarjeta_debito__delta2,17.885717737674714,1.0,13,0.0006868003998284581,99.98293099750161
cinversion2,17.823972475528716,2.85,19,0.0006844294202932025,99.9836154269219
mcaja_ahorro_adicional__lag1,16.835391998291016,3.7,20,0.0006464685468752298,99.98426189546878
mcaja_ahorro_adicional,16.77624800801277,5.25,20,0.0006441974545564135,99.98490609292334
cforex_sell,16.010020518302916,3.15,20,0.0006147747971036575,99.98552086772044
Master_madelantodolares__delta2,14.846846616268158,2.25,17,0.0005701096451257331,99.98609097736556
ccheques_emitidos__lag1,14.54523698091507,1.85,16,0.0005585280233428799,99.98664950538891
Master_cadelantosefectivo__lag2,14.34259090423584,3.05,18,0.000550746540456465,99.98720025192937
Master_madelantodolares__lag2,14.250846016407014,2.5,19,0.0005472235940157791,99.98774747552338
Master_cadelantosefectivo__delta2,11.290572941303253,1.7,17,0.00043355095524321823,99.98818102647861
Visa_madelantodolares__delta2,10.626656985282898,2.35,20,0.00040805699683825046,99.98858908347545
mcheques_depositados__delta2,10.513807475566864,1.55,14,0.00040372364608710004,99.98899280712153
Master_madelantopesos__delta2,10.22693248987198,1.85,17,0.00039270782565619766,99.98938551494719
ccajas_depositos__lag2,9.781213521957397,2.9,20,0.0003755924954321247,99.98976110744262
minversion2__lag1,9.552130448818207,1.45,12,0.0003667958483792353,99.990127903291
cseguro_vida__delta2,9.476326525211334,0.6,9,0.0003638850250169666,99.99049178831602
ctarjeta_visa_descuentos,9.266201996803284,2.4,19,0.00035581637425097413,99.99084760469027
cprestamos_prendarios__lag2,8.487223255634309,0.8,12,0.00032590407669940406,99.99117350876698
cseguro_vida__delta1,8.472353208065034,0.1,2,0.00032533307615216104,99.99149884184312
ccajas_depositos__delta2,7.9701390862464905,2.0,16,0.00030604836727307996,99.9918048902104
mtarjeta_master_descuentos__delta2,7.498087131977082,0.85,13,0.0002879218668056637,99.9920928120772
mprestamos_prendarios__lag2,6.547488570213318,0.95,13,0.00025141947523987866,99.99234423155244
cseguro_auto__lag2,6.330870532989502,1.05,14,0.00024310147778753183,99.99258733303023
mtarjeta_visa_descuentos,6.086085021495819,1.4,15,0.00023370186690068733,99.99282103489713
cinversion1__lag1,6.05245281457901,0.4,7,0.00023241041114272675,99.99305344530828
minversion1_pesos__delta2,5.939229047298431,0.8,11,0.00022806268913464728,99.99328150799741
mtarjeta_master_descuentos__delta1,5.694853508472443,1.1,11,0.0002186788209424053,99.99350018681835
mcaja_ahorro_adicional__delta1,5.687158000469208,0.75,10,0.0002183833182373407,99.9937185701366
mcaja_ahorro_adicional__delta2,5.666837441921234,0.9,13,0.00021760302146982052,99.99393617315806
Visa_fechaalta__delta2,5.529691529273987,0.9,13,0.00021233670400789607,99.99414850986207
ccaja_ahorro__delta2,5.502441501617431,0.9,12,0.00021129031995083155,99.99435980018202
mprestamos_prendarios__delta2,5.230382430553436,0.75,9,0.00020084342139611898,99.99456064360342
cprestamos_prendarios__lag1,5.1038259863853455,0.85,10,0.00019598373291560442,99.99475662733634
tcuentas__delta2,4.055551528930664,0.6,10,0.00015573064790838038,99.99491235798425
mcajeros_propios_descuentos__delta2,4.016423976421356,0.6,9,0.000154228174308951,99.99506658615856
cinversion2__lag1,4.0113399744033815,0.65,12,0.00015403295180405155,99.99522061911036
cseguro_accidentes_personales__delta2,3.4245319724082948,0.6,8,0.00013149989071565936,99.99535211900107
cinversion2__lag2,3.2261160254478454,0.5,7,0.00012388084217070032,99.99547599984324
mforex_sell__lag2,3.1897139668464662,0.5,8,0.0001224830258365342,99.99559848286907
ctarjeta_master_descuentos__lag2,3.1854374527931215,0.35,7,0.00012231881036557649,99.99572080167944
mforex_sell__delta2,3.1790600061416625,0.5,7,0.0001220739203939048,99.99584287559983
ccajeros_propios_descuentos__delta1,2.8868349492549896,0.6,9,0.00011085266056786477,99.9959537282604
cforex_buy__delta1,2.812024974822998,0.2,4,0.00010798000423365338,99.99606170826463
minversion1_pesos__lag1,2.6827674865722657,0.45,7,0.00010301659734590907,99.99616472486198
mprestamos_prendarios__delta1,2.6297189950942994,0.3,5,0.00010097956837722422,99.99626570443036
ccheques_emitidos_rechazados__lag1,2.5158949851989747,0.1,1,9.660879742731038e-05,99.99636231322778
ccheques_depositados__delta2,2.482975518703461,0.4,7,9.534471045675318e-05,99.99645765793824
mtarjeta_master_descuentos__lag2,2.4820109963417054,0.5,7,9.530767339995663e-05,99.99655296561164
cprestamos_prendarios,2.4147675037384033,0.45,9,9.272556524622403e-05,99.9966456911769
cinversion1__lag2,2.377379047870636,0.45,7,9.128987187257416e-05,99.99673698104877
cforex__lag1,2.3431215047836305,0.6,10,8.997440359590914e-05,99.99682695545236
ccajas_depositos__lag1,2.300445032119751,0.55,10,8.833565367719155e-05,99.99691529110603
minversion1_pesos__lag2,2.18437203168869,0.25,4,8.387852289415227e-05,99.99699916962894
ccheques_emitidos__lag2,2.139463996887207,0.3,5,8.21540823819216e-05,99.99708132371131
tcuentas__delta1,2.096889019012451,0.15,3,8.051922979977011e-05,99.99716184294111
ccajeros_propios_descuentos__lag1,1.9087235093116761,0.3,6,7.329379164895989e-05,99.99723513673275
cprestamos_prendarios__delta1,1.8766049861907959,0.3,5,7.206046040417263e-05,99.99730719719317
minversion2__delta2,1.8720884919166565,0.4,7,7.188702984249223e-05,99.99737908422301
cforex__delta2,1.8260264992713928,0.35,6,7.011827806916946e-05,99.99744920250109
ctarjeta_master_descuentos__delta2,1.822283035516739,0.4,7,6.997453139703989e-05,99.99751917703249
ctarjeta_debito__delta1,1.7485184788703918,0.35,7,6.714201845342087e-05,99.99758631905094
mpagodeservicios__lag2,1.74479501247406,0.3,6,6.699903966737182e-05,99.99765331809061
cseguro_auto,1.740210974216461,0.45,7,6.682301545887633e-05,99.99772014110607
cseguro_vivienda__delta2,1.712643763422966,0.3,6,6.576445176728644e-05,99.99778590555783
mforex_sell__lag1,1.7052654802799225,0.4,3,6.548113029889405e-05,99.99785138668813
mcheques_emitidos__delta2,1.6923715114593505,0.25,4,6.498600994246066e-05,99.99791637269807
ctarjeta_master_descuentos,1.6919179797172545,0.45,5,6.496859460658346e-05,99.99798134129267
mcajeros_propios_descuentos__lag2,1.6857555150985717,0.3,4,6.473195981081427e-05,99.99804607325248
ctarjeta_master_descuentos__lag1,1.6781155109405517,0.3,5,6.443858841876962e-05,99.9981105118409
ccajeros_propios_descuentos__lag2,1.6714735269546508,0.25,4,6.41835403785357e-05,99.99817469538128
cpagodeservicios__lag2,1.6530065059661865,0.25,5,6.347441829663e-05,99.99823816979958
ccajeros_propios_descuentos__delta2,1.5970630049705505,0.4,6,6.132622276905136e-05,99.99829949602234
mtarjeta_master_descuentos__lag1,1.558528995513916,0.25,5,5.984654085245354e-05,99.99835934256319
cforex__delta1,1.521560502052307,0.35,7,5.8426973773129296e-05,99.99841776953697
mpayroll2__delta1,1.5071194529533387,0.1,2,5.787244649943637e-05,99.99847564198348
mcajeros_propios_descuentos__delta1,1.4590154886245728,0.3,5,5.6025284287727134e-05,99.99853166726777
ccheques_emitidos__delta2,1.4564435005187988,0.2,4,5.592652154947377e-05,99.99858759378932
cforex_sell__delta2,1.4457300066947938,0.25,4,5.551513007221774e-05,99.9986431089194
ctarjeta_master_descuentos__delta1,1.420924997329712,0.3,5,5.456263319177096e-05,99.99869767155259
minversion2__lag2,1.3595770001411438,0.35,6,5.2206908382973796e-05,99.99874987846097
minversion2__delta1,1.3440374970436095,0.25,4,5.161020116120873e-05,99.99880148866212
cforex__lag2,1.2325415015220642,0.25,4,4.73288245104876e-05,99.99884881748663
cpagodeservicios__delta2,1.1902954936027528,0.2,3,4.5706604169336704e-05,99.9988945240908
cforex,1.1785444974899293,0.25,5,4.525537325162688e-05,99.99893977946405
ccheques_emitidos__delta1,1.1637099981307983,0.2,4,4.468573773347011e-05,99.99898446520179
mforex_sell__delta1,1.1548499941825867,0.25,5,4.43455191108036e-05,99.9990288107209
cforex_sell__lag2,1.141442495584488,0.25,4,4.3830679531373295e-05,99.99907264140043
cliente_vip__delta2,1.133274006843567,0.15,3,4.3517014661137664e-05,99.99911615841509
cforex_sell__delta1,1.1145264983177186,0.2,4,4.27971220328302e-05,99.99915895553713
cinversion2__delta2,1.025919008255005,0.1,2,3.939464970851969e-05,99.99919835018683
ccheques_emitidos_rechazados__lag2,0.979372501373291,0.1,2,3.760729289087065e-05,99.99923595747973
cseguro_auto__delta2,0.9165234804153443,0.15,3,3.519392970601941e-05,99.99927115140943
mplazo_fijo_pesos__delta2,0.8858360052108765,0.15,3,3.4015549808199645e-05,99.99930516695925
mcheques_emitidos_rechazados__lag1,0.8183915138244628,0.15,2,3.142572342662565e-05,99.99933659268267
ccheques_emitidos_rechazados__delta2,0.8152565002441406,0.15,3,3.1305340861496736e-05,99.99936789802352
mforex_buy__delta1,0.8044650197029114,0.2,4,3.089095474296567e-05,99.99939878897827
mcheques_emitidos__lag2,0.7889449834823609,0.2,3,3.029499503712878e-05,99.99942908397331
cseguro_accidentes_personales__delta1,0.7753235101699829,0.15,3,2.9771938962197674e-05,99.99945885591228
mpagodeservicios__delta2,0.7335505247116089,0.15,2,2.8167882388364616e-05,99.99948702379467
mforex_buy__delta2,0.723990511894226,0.15,2,2.780078386195137e-05,99.99951482457854
mforex_buy__lag1,0.6742300033569336,0.15,3,2.5890011386374832e-05,99.99954071458993
mprestamos_hipotecarios__lag1,0.6178074836730957,0.1,2,2.372342184009326e-05,99.99956443801176
cinversion1__delta1,0.6048335075378418,0.15,3,2.3225229252703378e-05,99.99958766324102
cliente_antiguedad__delta2,0.546684980392456,0.15,2,2.0992362096985928e-05,99.99960865560311
mcheques_emitidos_rechazados__delta2,0.5294670104980469,0.1,2,2.0331202797641424e-05,99.9996289868059
mplazo_fijo_pesos__lag2,0.5292829990386962,0.1,2,2.0324136872431792e-05,99.99964931094277
cforex_sell__lag1,0.5279960036277771,0.15,3,2.0274717051781554e-05,99.99966958565982
ccheques_depositados_rechazados__delta2,0.5064099788665771,0.05,1,1.944582717136759e-05,99.999689031487
cseguro_auto__delta1,0.5019499778747558,0.05,1,1.9274565916474475e-05,99.99970830605291
ccaja_ahorro__delta1,0.46980600357055663,0.1,2,1.8040257362130163e-05,99.99972634631027
mplazo_fijo_pesos__delta1,0.43988847732543945,0.05,1,1.689144302387503e-05,99.9997432377533
mcajeros_propios_descuentos__lag1,0.4283950090408325,0.15,2,1.645010101406257e-05,99.99975968785431
minversion1_dolares__lag1,0.40551650524139404,0.1,2,1.5571580745131272e-05,99.99977525943505
mprestamos_hipotecarios__lag2,0.4007064938545227,0.1,2,1.5386879309486668e-05,99.99979064631437
mpagodeservicios__delta1,0.37636699676513674,0.1,2,1.445225780993106e-05,99.99980509857218
cpagodeservicios__delta1,0.372720992565155,0.1,2,1.4312253523882812e-05,99.99981941082571
minversion1_dolares__lag2,0.35832600593566893,0.05,1,1.3759495020273458e-05,99.99983317032073
cforex_buy__delta2,0.34388949871063235,0.1,2,1.3205142151705232e-05,99.99984637546288
mcheques_emitidos_rechazados__delta1,0.32175350189208984,0.05,1,1.2355133687490646e-05,99.99985873059657
mprestamos_hipotecarios__delta1,0.3193189978599548,0.1,2,1.226165025187026e-05,99.99987099224683
mplazo_fijo_pesos__lag1,0.3050719976425171,0.1,2,1.171457433413499e-05,99.99988270682115
cliente_vip__lag2,0.26981799602508544,0.05,1,1.0360842671725732e-05,99.99989306766382
mpayroll2__lag1,0.2570004940032959,0.05,1,9.868658592647695e-06,99.99990293632241
cforex_buy__lag1,0.24508950710296631,0.05,1,9.41128412853735e-06,99.99991234760654
mcuenta_corriente_adicional__lag1,0.2439344882965088,0.05,1,9.366932127140532e-06,99.99992171453867
cprestamos_hipotecarios__delta1,0.231858491897583,0.05,1,8.90322140125565e-06,99.99993061776007
mcheques_emitidos__delta1,0.22867701053619385,0.05,1,8.78105450233125e-06,99.99993939881458
cprestamos_hipotecarios__lag2,0.21849100589752196,0.05,1,8.389918280620762e-06,99.99994778873285
mtarjeta_master_descuentos,0.20593750476837158,0.05,1,7.907871671074502e-06,99.99995569660453
minversion1_dolares__delta2,0.1953565001487732,0.05,1,7.5015676965899026e-06,99.99996319817222
cpayroll2_trx__delta1,0.18574349880218505,0.05,1,7.13243444372182e-06,99.99997033060667
mcheques_depositados_rechazados__lag2,0.18562300205230714,0.05,1,7.127807443720591e-06,99.99997745841412
cseguro_vivienda__delta1,0.18125150203704835,0.05,1,6.959944571099848e-06,99.9999844183587
cprestamos_prendarios__delta2,0.16950299739837646,0.05,1,6.508809324442682e-06,99.99999092716801
cliente_vip__lag1,0.14470200538635253,0.05,1,5.556466707846357e-06,99.99999648363472
mpayroll2__delta2,0.09157350063323974,0.05,1,3.516365279326899e-06,100.0
cliente_antiguedad__delta1,0.0,0.0,0,0.0,100.0
cinversion2__delta1,0.0,0.0,0,0.0,100.0
mprestamos_hipotecarios__delta2,0.0,0.0,0,0.0,100.0
ccuenta_corriente__delta1,0.0,0.0,0,0.0,100.0
ccuenta_corriente__lag2,0.0,0.0,0,0.0,100.0
ccuenta_corriente__delta2,0.0,0.0,0,0.0,100.0
minversion1_dolares,0.0,0.0,0,0.0,100.0
ccuenta_corriente__lag1,0.0,0.0,0,0.0,100.0
mprestamos_hipotecarios,0.0,0.0,0,0.0,100.0
mplazo_fijo_pesos,0.0,0.0,0,0.0,100.0
mcheques_emitidos_rechazados,0.0,0.0,0,0.0,100.0
cprestamos_hipotecarios,0.0,0.0,0,0.0,100.0
ccheques_emitidos_rechazados,0.0,0.0,0,0.0,100.0
mcheques_depositados_rechazados,0.0,0.0,0,0.0,100.0
mcuenta_corriente_adicional__delta1,0.0,0.0,0,0.0,100.0
cpagodeservicios__lag1,0.0,0.0,0,0.0,100.0
minversion1_dolares__delta1,0.0,0.0,0,0.0,100.0
ccheques_depositados_rechazados,0.0,0.0,0,0.0,100.0
cinversion1__delta2,0.0,0.0,0,0.0,100.0
mcuenta_corriente_adicional,0.0,0.0,0,0.0,100.0
ccuenta_corriente,0.0,0.0,0,0.0,100.0
mpagodeservicios__lag1,0.0,0.0,0,0.0,100.0
ccajas_depositos__delta1,0.0,0.0,0,0.0,100.0
ccheques_depositados_rechazados__lag1,0.0,0.0,0,0.0,100.0
cforex_buy__lag2,0.0,0.0,0,0.0,100.0
ccaja_seguridad__delta1,0.0,0.0,0,0.0,100.0
mcajeros_propios_descuentos,0.0,0.0,0,0.0,100.0
ccheques_depositados_rechazados__lag2,0.0,0.0,0,0.0,100.0
mcheques_depositados_rechazados__lag1,0.0,0.0,0,0.0,100.0
cforex_buy,0.0,0.0,0,0.0,100.0
mpayroll2__lag2,0.0,0.0,0,0.0,100.0
mpagodeservicios,0.0,0.0,0,0.0,100.0
cpagodeservicios,0.0,0.0,0,0.0,100.0
cpayroll2_trx__lag1,0.0,0.0,0,0.0,100.0
cpayroll2_trx,0.0,0.0,0,0.0,100.0
cpayroll2_trx__lag2,0.0,0.0,0,0.0,100.0
cpayroll2_trx__delta2,0.0,0.0,0,0.0,100.0
mpayroll2,0.0,0.0,0,0.0,100.0
mcheques_depositados_rechazados__delta1,0.0,0.0,0,0.0,100.0
cliente_vip__delta1,0.0,0.0,0,0.0,100.0
mforex_buy,0.0,0.0,0,0.0,100.0
mcuenta_corriente_adicional__delta2,0.0,0.0,0,0.0,100.0
cliente_vip,0.0,0.0,0,0.0,100.0
mcuenta_corriente_adicional__lag2,0.0,0.0,0,0.0,100.0
mcheques_depositados_rechazados__delta2,0.0,0.0,0,0.0,100.0
ccheques_emitidos_rechazados__delta1,0.0,0.0,0,0.0,100.0
mcheques_emitidos_rechazados__lag2,0.0,0.0,0,0.0,100.0
cprestamos_hipotecarios__lag1,0.0,0.0,0,0.0,100.0
ccheques_depositados_rechazados__delta1,0.0,0.0,0,0.0,100.0
cprestamos_hipotecarios__delta2,0.0,0.0,0,0.0,100.0
ccaja_seguridad__delta2,0.0,0.0,0,0.0,100.0
mforex_buy__lag2,0.0,0.0,0,0.0,100.0
