K,870,957,960,1098,1139,peor,medio
8000,0.6727213633492348,1.0061738394801734,1.0497816685892454,2.670536836333032,3.0408851632578684,3.0408851632578684,1.688019774201911
8500,0.0,0.0753862752509897,0.11166769379877532,1.4601250191412352,1.7682523194942799,1.7682523194942799,0.683086261537056
9000,0.394311610422549,0.1578664837067176,0.1848837760536157,1.1890249379566462,1.4184747689418145,1.4184747689418145,0.6689123154162686
9500,0.5752166260908116,0.03769313762551384,0.05583384689939396,0.7300625095706278,0.8841261597471399,0.8841261597471399,0.45658645598669734
10000,1.6097480207764983,0.7281340096922139,0.7358479633814458,1.0225494699903677,1.0880617851213794,1.6097480207764983,1.0368682497923811
10500,1.1504332521815792,0.0,0.0,0.0,0.0,1.1504332521815792,0.23008665043631585
11000,2.1849646468672805,0.6904408720667381,0.6800141164820392,0.2924869604197194,0.2039356253742006,2.1849646468672805,0.8103684442419956
11500,3.6463092310616427,1.786188853207466,1.764560255782215,0.9606986152423178,0.7770133680328775,3.6463092310616427,1.786954064665304
12000,4.467434030993013,2.2739761707371966,2.2423083608552177,1.0653232284606284,0.7963779347649077,4.467434030993013,2.169083945162192
12500,5.501965425678685,2.964417042803947,2.9223224773372567,1.3578101888803273,1.0003135601391278,5.501965425678685,2.7493657389678687
13000,7.176716604627495,4.26281857848167,4.20913462804652,2.213884190904396,1.757962361440033,7.176716604627495,3.9241032727000222
13500,9.064874378330622,5.763873668696375,5.69821279016482,3.2578205401298734,2.7001822213831668,9.064874378330622,5.296992719740971
14000,10.099405773016308,6.454314540763127,6.3782269066468595,3.5503075005496134,2.9041178467573867,10.099405773016308,5.877274513546659
14500,11.987563546719505,7.955369630977843,7.8673050687652095,4.594243849775132,3.84633770670054,11.987563546719505,7.250163960587645
15000,13.875721320422631,9.456424721192537,9.35638323088351,5.638180199000589,4.788557566643693,13.875721320422631,8.623053407628593
15500,15.337065904617036,10.552172702333264,10.44092937018366,6.306391853823229,5.3616353093023505,15.337065904617036,9.599639028051907
16000,17.43863027307458,12.255881347084976,12.13227354371106,7.538190550250155,6.488426227887732,17.43863027307458,11.170680388401701
