id,nombre,creado_en,notebook,git_sha,descripcion,dataset,n_columnas,meses_train,mes_validacion,target,peso_baja1,params,num_boost_round,n_semillas,corte_envios,ganancia_val_media,ganancia_val_sd,ruta,justificacion_corte
1,c100_esqueleto,2026-10-03 18:41:12.546393+00:00,c100_esqueleto.py,,"esqueleto fase 0: params de z701, sin busqueda",competencia_01.parquet,150.0,"[202103, 202104, 202105, 202106]",202106.0,baja2,,"{'max_bin': 31, 'objective': 'binary', 'num_leaves': 45, 'bagging_freq': 1, 'boosting_type': 'gbdt', 'learning_rate': 0.0077, 'bagging_fraction': 0.918, 'feature_fraction': 0.277, 'min_data_in_leaf': 174, 'first_metric_only': True, 'boost_from_average': True, 'feature_pre_filter': False}",250.0,3.0,11000,316690000,79750000,/Users/agustina/Documents/segundo-cuatrimestre/dmeyf2026/monday/competencia/experimentos/c100_esqueleto,"Corte 11.000 por MINIMAX REGRET sobre los dos folds walk-forward, no por el optimo de un mes. Evidencia: el MISMO modelo (train 202103) quiere K*=8.092 en 202105 (870 BAJA+2) y K*=14.051 en 202106 (1.098 BAJA+2); con la validacion fija en 202106, cambiar el modelo mueve K* solo de 13.055 a 14.788. O sea manda la PREVALENCIA del mes, y la de 202108 es desconocida (los meses etiquetados van de 870 a 1.139). Regret del peor caso: K=8.000 -> -14,4%; K=14.500 -> -15,9%; K=11.000 -> -4,5%. El minimo de regret esperado cae en 10.000 y el minimax en 11.000. Elegir 14.500 (el pico de 202106) seria perseguir el pico de UN MES, la misma trampa que perseguir el pico de UNA SEMILLA. Tabla completa en regret.parquet."
3,base_baja2,2026-10-04 00:45:12.623512+00:00,c102_comparacion.py,,fase 1: base vs FE x cuatro esquemas de target,competencia_01.parquet,,"[202103, 202104]",202106.0,baja2,0,"{'max_bin': 31, 'objective': 'binary', 'num_leaves': 45, 'bagging_freq': 1, 'boosting_type': 'gbdt', 'learning_rate': 0.0077, 'bagging_fraction': 0.918, 'feature_fraction': 0.277, 'min_data_in_leaf': 174, 'first_metric_only': True, 'boost_from_average': True, 'feature_pre_filter': False}",250.0,5.0,11000,316690000,84203225.7233784,/Users/agustina/Documents/segundo-cuatrimestre/dmeyf2026/monday/competencia/experimentos/c102_comparacion,
4,base_pesos25,2026-10-04 00:45:12.628765+00:00,c102_comparacion.py,,fase 1: base vs FE x cuatro esquemas de target,competencia_01.parquet,,"[202103, 202104]",202106.0,pesos,0.25,"{'max_bin': 31, 'objective': 'binary', 'num_leaves': 45, 'bagging_freq': 1, 'boosting_type': 'gbdt', 'learning_rate': 0.0077, 'bagging_fraction': 0.918, 'feature_fraction': 0.277, 'min_data_in_leaf': 174, 'first_metric_only': True, 'boost_from_average': True, 'feature_pre_filter': False}",250.0,5.0,11000,325270000,78938232.5337701,/Users/agustina/Documents/segundo-cuatrimestre/dmeyf2026/monday/competencia/experimentos/c102_comparacion,
5,base_pesos5,2026-10-04 00:45:12.629472+00:00,c102_comparacion.py,,fase 1: base vs FE x cuatro esquemas de target,competencia_01.parquet,,"[202103, 202104]",202106.0,pesos,0.5,"{'max_bin': 31, 'objective': 'binary', 'num_leaves': 45, 'bagging_freq': 1, 'boosting_type': 'gbdt', 'learning_rate': 0.0077, 'bagging_fraction': 0.918, 'feature_fraction': 0.277, 'min_data_in_leaf': 174, 'first_metric_only': True, 'boost_from_average': True, 'feature_pre_filter': False}",250.0,5.0,10500,320210000,70436657.1230256,/Users/agustina/Documents/segundo-cuatrimestre/dmeyf2026/monday/competencia/experimentos/c102_comparacion,
6,base_baja12,2026-10-04 00:45:12.630078+00:00,c102_comparacion.py,,fase 1: base vs FE x cuatro esquemas de target,competencia_01.parquet,,"[202103, 202104]",202106.0,baja12,1,"{'max_bin': 31, 'objective': 'binary', 'num_leaves': 45, 'bagging_freq': 1, 'boosting_type': 'gbdt', 'learning_rate': 0.0077, 'bagging_fraction': 0.918, 'feature_fraction': 0.277, 'min_data_in_leaf': 174, 'first_metric_only': True, 'boost_from_average': True, 'feature_pre_filter': False}",250.0,5.0,11000,315150000,68338345.3446485,/Users/agustina/Documents/segundo-cuatrimestre/dmeyf2026/monday/competencia/experimentos/c102_comparacion,
7,fe_baja2,2026-10-04 00:45:12.630649+00:00,c102_comparacion.py,,fase 1: base vs FE x cuatro esquemas de target,competencia_01_fe.parquet,,"[202103, 202104]",202106.0,baja2,0,"{'max_bin': 31, 'objective': 'binary', 'num_leaves': 45, 'bagging_freq': 1, 'boosting_type': 'gbdt', 'learning_rate': 0.0077, 'bagging_fraction': 0.918, 'feature_fraction': 0.277, 'min_data_in_leaf': 174, 'first_metric_only': True, 'boost_from_average': True, 'feature_pre_filter': False}",250.0,5.0,11500,293260000,59407808.1287861,/Users/agustina/Documents/segundo-cuatrimestre/dmeyf2026/monday/competencia/experimentos/c102_comparacion,
8,fe_pesos25,2026-10-04 00:45:12.631688+00:00,c102_comparacion.py,,fase 1: base vs FE x cuatro esquemas de target,competencia_01_fe.parquet,,"[202103, 202104]",202106.0,pesos,0.25,"{'max_bin': 31, 'objective': 'binary', 'num_leaves': 45, 'bagging_freq': 1, 'boosting_type': 'gbdt', 'learning_rate': 0.0077, 'bagging_fraction': 0.918, 'feature_fraction': 0.277, 'min_data_in_leaf': 174, 'first_metric_only': True, 'boost_from_average': True, 'feature_pre_filter': False}",250.0,5.0,11000,302390000,52877477.8773219,/Users/agustina/Documents/segundo-cuatrimestre/dmeyf2026/monday/competencia/experimentos/c102_comparacion,
9,fe_pesos5,2026-10-04 00:45:12.632252+00:00,c102_comparacion.py,,fase 1: base vs FE x cuatro esquemas de target,competencia_01_fe.parquet,,"[202103, 202104]",202106.0,pesos,0.5,"{'max_bin': 31, 'objective': 'binary', 'num_leaves': 45, 'bagging_freq': 1, 'boosting_type': 'gbdt', 'learning_rate': 0.0077, 'bagging_fraction': 0.918, 'feature_fraction': 0.277, 'min_data_in_leaf': 174, 'first_metric_only': True, 'boost_from_average': True, 'feature_pre_filter': False}",250.0,5.0,9000,310530000,45878923.9920322,/Users/agustina/Documents/segundo-cuatrimestre/dmeyf2026/monday/competencia/experimentos/c102_comparacion,
10,fe_baja12,2026-10-04 00:45:12.632759+00:00,c102_comparacion.py,,fase 1: base vs FE x cuatro esquemas de target,competencia_01_fe.parquet,,"[202103, 202104]",202106.0,baja12,1,"{'max_bin': 31, 'objective': 'binary', 'num_leaves': 45, 'bagging_freq': 1, 'boosting_type': 'gbdt', 'learning_rate': 0.0077, 'bagging_fraction': 0.918, 'feature_fraction': 0.277, 'min_data_in_leaf': 174, 'first_metric_only': True, 'boost_from_average': True, 'feature_pre_filter': False}",250.0,5.0,9500,310860000,41517451.48462,/Users/agustina/Documents/segundo-cuatrimestre/dmeyf2026/monday/competencia/experimentos/c102_comparacion,
11,c107_pesos25,2026-10-04 03:29:30.677198+00:00,c107_final.py,,"fase 3: base_pesos25 (params z701 + peso BAJA+1 0,25), 20 semillas + ensamble por rank. Gano a base_baja2 por +8,6 M (8/10, p=0,0078) y los 31 trials de Optuna no le ganaron (-7,5 M, 5/10).",competencia_01.parquet,150.0,"[202103, 202104, 202105, 202106]",202106.0,pesos,0.25,"{'max_bin': 31, 'objective': 'binary', 'num_leaves': 45, 'bagging_freq': 1, 'boosting_type': 'gbdt', 'learning_rate': 0.0077, 'bagging_fraction': 0.918, 'feature_fraction': 0.277, 'min_data_in_leaf': 174, 'first_metric_only': True, 'boost_from_average': True, 'feature_pre_filter': False}",250.0,20.0,11000,330000000,,/Users/agustina/Documents/segundo-cuatrimestre/dmeyf2026/monday/competencia/experimentos/c107_pesos25,Corte 11000 por minimax regret sobre los dos folds con 20 semillas. Peor caso -3.47%. Tabla en regret.parquet.
12,c113_v1_recencia,2026-10-04 21:50:59.111569+00:00,c113_sonda.py,,"sonda de agosto: v1_recencia. Los folds miden junio, el leaderboard mide agosto; con el mes mandando tanto, el publico no es redundante.",competencia_01.parquet,150.0,"[202103, 202104, 202105, 202106]",202106.0,pesos,0.25,"{'max_bin': 31, 'objective': 'binary', 'num_leaves': 45, 'bagging_freq': 1, 'boosting_type': 'gbdt', 'learning_rate': 0.0077, 'lambda_recencia': 0.15, 'bagging_fraction': 0.918, 'feature_fraction': 0.277, 'min_data_in_leaf': 174, 'first_metric_only': True, 'boost_from_average': True, 'feature_pre_filter': False}",250.0,10.0,11000,329780000,,/Users/agustina/Documents/segundo-cuatrimestre/dmeyf2026/monday/competencia/experimentos/c113_sonda,"Corte 11000 heredado de c107 (minimax con 20 semillas, peor caso -3,47%). Se fija igual en las cuatro variantes para que la comparacion en el leaderboard sea del modelo y no del corte."
13,c113_v2_v101,2026-10-04 21:50:59.120865+00:00,c113_sonda.py,,"sonda de agosto: v2_v101. Los folds miden junio, el leaderboard mide agosto; con el mes mandando tanto, el publico no es redundante.",competencia_01_v101.parquet,164.0,"[202103, 202104, 202105, 202106]",202106.0,pesos,0.25,"{'max_bin': 31, 'objective': 'binary', 'num_leaves': 45, 'bagging_freq': 1, 'boosting_type': 'gbdt', 'learning_rate': 0.0077, 'lambda_recencia': 1.0, 'bagging_fraction': 0.918, 'feature_fraction': 0.277, 'min_data_in_leaf': 174, 'first_metric_only': True, 'boost_from_average': True, 'feature_pre_filter': False}",250.0,10.0,11000,330110000,,/Users/agustina/Documents/segundo-cuatrimestre/dmeyf2026/monday/competencia/experimentos/c113_sonda,"Corte 11000 heredado de c107 (minimax con 20 semillas, peor caso -3,47%). Se fija igual en las cuatro variantes para que la comparacion en el leaderboard sea del modelo y no del corte."
14,c113_v3_combo,2026-10-04 21:50:59.121892+00:00,c113_sonda.py,,"sonda de agosto: v3_combo. Los folds miden junio, el leaderboard mide agosto; con el mes mandando tanto, el publico no es redundante.",competencia_01_v101.parquet,164.0,"[202103, 202104, 202105, 202106]",202106.0,pesos,0.25,"{'max_bin': 31, 'objective': 'binary', 'num_leaves': 45, 'bagging_freq': 1, 'boosting_type': 'gbdt', 'learning_rate': 0.0077, 'lambda_recencia': 0.15, 'bagging_fraction': 0.918, 'feature_fraction': 0.277, 'min_data_in_leaf': 174, 'first_metric_only': True, 'boost_from_average': True, 'feature_pre_filter': False}",250.0,10.0,11000,331650000,,/Users/agustina/Documents/segundo-cuatrimestre/dmeyf2026/monday/competencia/experimentos/c113_sonda,"Corte 11000 heredado de c107 (minimax con 20 semillas, peor caso -3,47%). Se fija igual en las cuatro variantes para que la comparacion en el leaderboard sea del modelo y no del corte."
15,c113_v4_reciente,2026-10-04 21:50:59.122948+00:00,c113_sonda.py,,"sonda de agosto: v4_reciente. Los folds miden junio, el leaderboard mide agosto; con el mes mandando tanto, el publico no es redundante. [OJO: la lectura local NO mide lo que dice el nombre: los meses del config no intersecan los del fold y cae a los del fold] [CORRECCION 2026-10-05] El score LOCAL de esta fila es el del baseline, no el de la variante: c113_sonda.py:67 hace `[m for m in cfg[meses] if m in meses_f] or meses_f` y como los meses de v4 (202105,202106) no tocan los de ningun fold (202103 / 202103+202104), cayo al fallback en los dos. El CSV enviado NO esta afectado (linea 83 usa cfg[meses] sin fallback), asi que el publico 89.3777 si es genuino. [CORRECCION 2026-10-05] El score LOCAL de esta fila es el del baseline, no el de la variante: c113_sonda.py:67 hace ""[m for m in cfg[meses] if m in meses_f] or meses_f"" y como los meses de v4 (202105,202106) no tocan los de ningun fold (202103 / 202103+202104), cayo al fallback en los dos. El CSV enviado NO esta afectado (linea 83 usa cfg[meses] sin fallback), asi que el publico 89.3777 si es genuino.",competencia_01.parquet,150.0,"[202105, 202106]",202106.0,pesos,0.25,"{'max_bin': 31, 'objective': 'binary', 'num_leaves': 45, 'bagging_freq': 1, 'boosting_type': 'gbdt', 'learning_rate': 0.0077, 'lambda_recencia': 1.0, 'bagging_fraction': 0.918, 'feature_fraction': 0.277, 'min_data_in_leaf': 174, 'first_metric_only': True, 'boost_from_average': True, 'feature_pre_filter': False}",250.0,10.0,11000,,,/Users/agustina/Documents/segundo-cuatrimestre/dmeyf2026/monday/competencia/experimentos/c113_sonda,"Corte 11000 heredado de c107 (minimax con 20 semillas, peor caso -3,47%). Se fija igual en las cuatro variantes para que la comparacion en el leaderboard sea del modelo y no del corte."
16,c133_todo,2026-10-05 23:40:16.717649+00:00,c133 (script),,"Los tres cambios juntos: sin prestamos personales (ni su version deflactada), montos deflactados por la mediana mensual de su columna, y las 80 columnas de FE historico con ventanas fijas de 3 meses. 228 predictoras. Ensamble por rank de 20 semillas, corte 10.000.",competencia_01_todo.parquet,228.0,"[202103, 202104, 202105, 202106]",202106.0,pesos,0.25,"{'max_bin': 31, 'num_leaves': 45, 'bagging_freq': 1, 'learning_rate': 0.0077, 'bagging_fraction': 0.918, 'feature_fraction': 0.277, 'min_data_in_leaf': 174}",250.0,20.0,10000,329.45,,/Users/agustina/Documents/segundo-cuatrimestre/dmeyf2026/monday/competencia/experimentos/c133_todo,
18,c135_hist,2026-10-05 23:44:59.390713+00:00,c135 (script),,"Solo el FE historico: 80 columnas nuevas sobre 20 campos, con ventanas fijas de 3 meses (avg/sd/min/max de los 3 meses previos, lags, cociente contra la propia historia, aceleracion, volatilidad relativa, caida desde el maximo propio). Prestamos personales SI estan.",competencia_01_hist.parquet,230.0,"[202103, 202104, 202105, 202106]",202106.0,pesos,0.25,"{'max_bin': 31, 'num_leaves': 45, 'bagging_freq': 1, 'learning_rate': 0.0077, 'bagging_fraction': 0.918, 'feature_fraction': 0.277, 'min_data_in_leaf': 174}",250.0,20.0,10000,,,/Users/agustina/Documents/segundo-cuatrimestre/dmeyf2026/monday/competencia/experimentos/c135_hist,
19,reconciliado_desde_zulip,2026-10-05 23:46:28.495299+00:00,,,"Fila paraguas para los submits que se enviaron sin pasar por el ledger. Los parametros y el dataset de cada uno hay que leerlos del script que los genero; lo que esta garantizado aca es el nombre, la fecha, la cantidad de archivos y el resultado.",varios,0.0,"[202103, 202104, 202105, 202106]",202106.0,pesos,0.25,"{'nota': 'reconstruido desde `list submits` del bot, no desde el experimento original'}",250.0,0.0,0,,,/Users/agustina/Documents/segundo-cuatrimestre/dmeyf2026/monday/competencia/experimentos,
20,c130_sinprest,2026-10-05 23:49:57.305151+00:00,c130 (script),,"Base sin mprestamos_personales ni cprestamos_personales. Son las dos variables #1 y #2 del scan de concept drift: su AUC univariada cruza 0.50 en junio (0.436->0.514 y 0.432->0.504) con PSI 0.0004, o sea el PSI no lo ve. El prestamo personal dejo de proteger contra la fuga.",competencia_01.parquet,148.0,"[202103, 202104, 202105, 202106]",202106.0,pesos,0.25,"{'max_bin': 31, 'num_leaves': 45, 'bagging_freq': 1, 'learning_rate': 0.0077, 'bagging_fraction': 0.918, 'feature_fraction': 0.277, 'min_data_in_leaf': 174}",250.0,20.0,10000,,,/Users/agustina/Documents/segundo-cuatrimestre/dmeyf2026/monday/competencia/experimentos/c130_entregas,
21,c130_deflact,2026-10-05 23:49:57.312563+00:00,c130 (script),,"Montos divididos por la mediana mensual de su propia columna, REEMPLAZANDO el monto crudo. Sumar crudo+deflactado es lo peor de las tres opciones (envejece 3.16% contra 1.73% del crudo solo); reemplazar baja el envejecimiento a 0.44%.",competencia_01_defl.parquet,150.0,"[202103, 202104, 202105, 202106]",202106.0,pesos,0.25,"{'max_bin': 31, 'num_leaves': 45, 'bagging_freq': 1, 'learning_rate': 0.0077, 'bagging_fraction': 0.918, 'feature_fraction': 0.277, 'min_data_in_leaf': 174}",250.0,20.0,10000,,,/Users/agustina/Documents/segundo-cuatrimestre/dmeyf2026/monday/competencia/experimentos/c130_entregas,
22,c130_ambos,2026-10-05 23:49:57.315184+00:00,c130 (script),,"Sin prestamos personales (ni mprestamos_personales__defl, que es el bug que se detecto porque el solapamiento no cerraba: 96.5% contra 89.8%) + montos deflactados.",competencia_01_defl.parquet,148.0,"[202103, 202104, 202105, 202106]",202106.0,pesos,0.25,"{'max_bin': 31, 'num_leaves': 45, 'bagging_freq': 1, 'learning_rate': 0.0077, 'bagging_fraction': 0.918, 'feature_fraction': 0.277, 'min_data_in_leaf': 174}",250.0,20.0,10000,,,/Users/agustina/Documents/segundo-cuatrimestre/dmeyf2026/monday/competencia/experimentos/c130_entregas,
23,c150_histmin,2026-10-06 04:44:55.139868+00:00,c150 (script),,20 columnas de historia minima sobre los 5 campos medidos estables entre meses.,competencia_01_histmin.parquet,170.0,"[202103, 202104, 202105, 202106]",202106.0,pesos,0.25,"{'max_bin': 31, 'num_leaves': 45, 'bagging_freq': 1, 'learning_rate': 0.0077, 'bagging_fraction': 0.918, 'feature_fraction': 0.277, 'min_data_in_leaf': 174}",250.0,20.0,11000,,,/Users/agustina/Documents/segundo-cuatrimestre/dmeyf2026/monday/competencia/experimentos/c150_histmin,
24,c150_t22,2026-10-06 04:44:55.158861+00:00,c150 (script),,"Hiperparametros estructurales del trial 22 de la busqueda limpia, con el peso pisado a 0,25.",competencia_01.parquet,150.0,"[202103, 202104, 202105, 202106]",202106.0,pesos,0.25,"{'max_bin': 31, 'num_leaves': 45, 'bagging_freq': 1, 'learning_rate': 0.0077, 'bagging_fraction': 0.918, 'feature_fraction': 0.277, 'min_data_in_leaf': 174}",250.0,20.0,11000,,,/Users/agustina/Documents/segundo-cuatrimestre/dmeyf2026/monday/competencia/experimentos/c150_t22,
25,c150_pormes,2026-10-06 04:44:55.167493+00:00,c150 (script),,"Un modelo por cada mes de train, ensamblados por rank, en vez de uno sobre los meses juntos.",competencia_01.parquet,150.0,"[202103, 202104, 202105, 202106]",202106.0,pesos,0.25,"{'max_bin': 31, 'num_leaves': 45, 'bagging_freq': 1, 'learning_rate': 0.0077, 'bagging_fraction': 0.918, 'feature_fraction': 0.277, 'min_data_in_leaf': 174}",250.0,20.0,11000,,,/Users/agustina/Documents/segundo-cuatrimestre/dmeyf2026/monday/competencia/experimentos/c150_pormes,
26,c150_sinjunio,2026-10-06 04:44:55.176382+00:00,c150 (script),,Identico al base pero SIN junio en el entrenamiento.,competencia_01.parquet,150.0,"[202103, 202104, 202105]",202106.0,pesos,0.25,"{'max_bin': 31, 'num_leaves': 45, 'bagging_freq': 1, 'learning_rate': 0.0077, 'bagging_fraction': 0.918, 'feature_fraction': 0.277, 'min_data_in_leaf': 174}",250.0,20.0,11000,,,/Users/agustina/Documents/segundo-cuatrimestre/dmeyf2026/monday/competencia/experimentos/c150_sinjunio,
27,c152_corte8000,2026-10-06 04:48:06.429307+00:00,c152 (recorte de scores cacheados),,"EXACTAMENTE el mismo modelo y las mismas 20 semillas que c107_pesos25, recortado en 8,000 envios en vez de 11.000. Cero reentrenamiento: se re-corta scores_202108.parquet. Lo UNICO que cambia entre estos submits es el corte.",competencia_01.parquet,150.0,"[202103, 202104, 202105, 202106]",202106.0,pesos,0.25,"{'max_bin': 31, 'num_leaves': 45, 'bagging_freq': 1, 'learning_rate': 0.0077, 'bagging_fraction': 0.918, 'feature_fraction': 0.277, 'min_data_in_leaf': 174}",250.0,20.0,8000,,,/Users/agustina/Documents/segundo-cuatrimestre/dmeyf2026/monday/competencia/experimentos/c152_corte8000,
28,c152_corte9000,2026-10-06 04:48:06.928244+00:00,c152 (recorte de scores cacheados),,"EXACTAMENTE el mismo modelo y las mismas 20 semillas que c107_pesos25, recortado en 9,000 envios en vez de 11.000. Cero reentrenamiento: se re-corta scores_202108.parquet. Lo UNICO que cambia entre estos submits es el corte.",competencia_01.parquet,150.0,"[202103, 202104, 202105, 202106]",202106.0,pesos,0.25,"{'max_bin': 31, 'num_leaves': 45, 'bagging_freq': 1, 'learning_rate': 0.0077, 'bagging_fraction': 0.918, 'feature_fraction': 0.277, 'min_data_in_leaf': 174}",250.0,20.0,9000,,,/Users/agustina/Documents/segundo-cuatrimestre/dmeyf2026/monday/competencia/experimentos/c152_corte9000,
29,c152_corte13000,2026-10-06 04:48:07.474648+00:00,c152 (recorte de scores cacheados),,"EXACTAMENTE el mismo modelo y las mismas 20 semillas que c107_pesos25, recortado en 13,000 envios en vez de 11.000. Cero reentrenamiento: se re-corta scores_202108.parquet. Lo UNICO que cambia entre estos submits es el corte.",competencia_01.parquet,150.0,"[202103, 202104, 202105, 202106]",202106.0,pesos,0.25,"{'max_bin': 31, 'num_leaves': 45, 'bagging_freq': 1, 'learning_rate': 0.0077, 'bagging_fraction': 0.918, 'feature_fraction': 0.277, 'min_data_in_leaf': 174}",250.0,20.0,13000,,,/Users/agustina/Documents/segundo-cuatrimestre/dmeyf2026/monday/competencia/experimentos/c152_corte13000,
30,c152_corte15000,2026-10-06 04:48:08.053651+00:00,c152 (recorte de scores cacheados),,"EXACTAMENTE el mismo modelo y las mismas 20 semillas que c107_pesos25, recortado en 15,000 envios en vez de 11.000. Cero reentrenamiento: se re-corta scores_202108.parquet. Lo UNICO que cambia entre estos submits es el corte.",competencia_01.parquet,150.0,"[202103, 202104, 202105, 202106]",202106.0,pesos,0.25,"{'max_bin': 31, 'num_leaves': 45, 'bagging_freq': 1, 'learning_rate': 0.0077, 'bagging_fraction': 0.918, 'feature_fraction': 0.277, 'min_data_in_leaf': 174}",250.0,20.0,15000,,,/Users/agustina/Documents/segundo-cuatrimestre/dmeyf2026/monday/competencia/experimentos/c152_corte15000,
31,c153_fe228,2026-10-06 04:59:57.995566+00:00,c153 (script),,"El FE completo de la catedra (z402): 223 predictoras con lags, deltas, pendientes y percent_rank por foto_mes. Corte 9.000, el optimo establecido hoy con 5 desvios.",competencia_01_fe.parquet,223.0,"[202103, 202104, 202105, 202106]",202106.0,pesos,0.25,"{'max_bin': 31, 'num_leaves': 45, 'bagging_freq': 1, 'learning_rate': 0.0077, 'bagging_fraction': 0.918, 'feature_fraction': 0.277, 'min_data_in_leaf': 174}",250.0,20.0,9000,,,/Users/agustina/Documents/segundo-cuatrimestre/dmeyf2026/monday/competencia/experimentos/c153_fe228,
32,c153_histmin9k,2026-10-06 05:02:05.212187+00:00,c153 (script),,"Historia minima (20 columnas sobre los 5 campos estables) al corte 9.000, el optimo.",competencia_01_histmin.parquet,170.0,"[202103, 202104, 202105, 202106]",202106.0,pesos,0.25,"{'max_bin': 31, 'num_leaves': 45, 'bagging_freq': 1, 'learning_rate': 0.0077, 'bagging_fraction': 0.918, 'feature_fraction': 0.277, 'min_data_in_leaf': 174}",250.0,20.0,9000,,,/Users/agustina/Documents/segundo-cuatrimestre/dmeyf2026/monday/competencia/experimentos/c153_histmin9k,
33,c154_entrega,2026-10-06 05:02:51.809658+00:00,c154,,"LA ENTREGA. Base de 150 columnas, target pesos 0,25, entrenado en los cuatro meses etiquetados, ensamble por rank de 20 semillas, corte 9.000. Un solo archivo.",competencia_01.parquet,150.0,"[202103, 202104, 202105, 202106]",202106.0,pesos,0.25,"{'max_bin': 31, 'num_leaves': 45, 'bagging_freq': 1, 'learning_rate': 0.0077, 'bagging_fraction': 0.918, 'feature_fraction': 0.277, 'min_data_in_leaf': 174}",250.0,20.0,9000,,,/Users/agustina/Documents/segundo-cuatrimestre/dmeyf2026/monday/competencia/experimentos/c154_entrega,
34,c173_entrega_10500,2026-10-06 17:04:03.258866+00:00,c172+c173,,"La entrega con el corte decidido por los folds: base 150 columnas, pesos 0,25, cuatro meses, 20 semillas, ensamble por rank, corte 10.500.",competencia_01.parquet,150.0,"[202103, 202104, 202105, 202106]",202106.0,pesos,0.25,"{'max_bin': 31, 'num_leaves': 45, 'bagging_freq': 1, 'learning_rate': 0.0077, 'bagging_fraction': 0.918, 'feature_fraction': 0.277, 'min_data_in_leaf': 174}",250.0,20.0,10500,,,/Users/agustina/Documents/segundo-cuatrimestre/dmeyf2026/monday/competencia/experimentos/c173_entrega_10500,
35,c201_receta_lags,2026-10-07 23:27:17.519559+00:00,c201_receta_lags.py,edd1c1b,"Lags/deltas 1 y 2 de las 150 predictoras (c200, 750 columnas; ccajas_depositos NULL en 202105 solo en la columna del mes, los lags de esa columna van sobre ceros crudos) + receta de hiperparametros de Denicolay (J-Clase 08 > En Limpio, 2026-10-06). Target pesos 0,25, meses 03-06, las 20 semillas de c107. El corte de cada submit esta en archivo.n_envios.",competencia_01_lags12.parquet,750.0,"[202103, 202104, 202105, 202106]",,pesos,0.25,"{'metric': 'auc', 'max_bin': 31, 'objective': 'binary', 'num_leaves': 83, 'num_threads': 8, 'bagging_freq': 0, 'boosting_type': 'gbdt', 'deterministic': True, 'learning_rate': 0.005, 'force_col_wise': True, 'bagging_fraction': 1.0, 'feature_fraction': 0.5, 'min_data_in_leaf': 0, 'boost_from_average': True, 'feature_pre_filter': False, 'feature_fraction_bynode': 0.2, 'min_sum_hessian_in_leaf': 25.650223732378045}",1000.0,20.0,14000,,,/Users/agustina/Documents/segundo-cuatrimestre/competencia-1/experimentos/c201_receta_lags,
48,c190_fe3,2026-10-07 23:51:06.947420+00:00,,,"fe_slope3: competencia_01_fe3.parquet (slopes con marco fijo de 3 filas), params z701, pesos 0,25, 20 semillas de c107",,,,,,,,,20.0,11000,,,/Users/agustina/Documents/segundo-cuatrimestre/dmeyf2026/monday/competencia/experimentos/c190_fe3,
51,c191_base10000,2026-10-07 23:51:07.087928+00:00,,,"base 150 col, params z701, pesos 0,25, 03-06, 20 semillas de c107, corte 10.000: la referencia de la entrega",,,,,,,,,20.0,10000,,,/Users/agustina/Documents/segundo-cuatrimestre/dmeyf2026/monday/competencia/experimentos/c191_base10000,
57,c211_lags_z701,2026-10-08 02:18:36.457160+00:00,c211_lags_z701.py,5fdf631,"lags12 (750 col) con los params de z701 (250 rondas): celda 'dataset nuevo, receta vieja' del desacople",,,,,,,,,5.0,10000,,,/Users/agustina/Documents/segundo-cuatrimestre/competencia-1/experimentos/c211_lags_z701,
58,c212_base_receta,2026-10-08 02:18:40.611087+00:00,c212_base_receta.py,5fdf631,"base 150 col con la receta de Denicolay (1.000 rondas): celda 'dataset viejo, receta nueva' del desacople",,,,,,,,,5.0,10000,,,/Users/agustina/Documents/segundo-cuatrimestre/competencia-1/experimentos/c212_base_receta,
59,c213_lags_baja2,2026-10-08 04:12:58.290987+00:00,c213_lags_baja2.py,bbee864,"lags12 + receta, target BAJA+2 puro (4.067 positivos), meses 03-06, semillas de c107",,,,,,,,,5.0,14000,,,/Users/agustina/Documents/segundo-cuatrimestre/competencia-1/experimentos/c213_lags_baja2,
60,c214_lags_sin03,2026-10-08 04:13:02.510707+00:00,c214_lags_sin03.py,bbee864,"lags12 + receta, pesos 0,25, meses 04-06 (sin marzo, que no tiene historia)",,,,,,,,,5.0,14000,,,/Users/agustina/Documents/segundo-cuatrimestre/competencia-1/experimentos/c214_lags_sin03,
61,c215_lagsrank,2026-10-08 04:13:07.749333+00:00,c215_lagsrank.py,bbee864,"lags/deltas 1 y 2 sobre percent_rank por mes de los 73 montos (c202), receta, pesos 0,25, 03-06",,,,,,,,,5.0,14000,,,/Users/agustina/Documents/segundo-cuatrimestre/competencia-1/experimentos/c215_lagsrank,
63,c221_ensamble,2026-10-08 19:11:35.142366+00:00,c221_ensamble.py,edd1c1b,"top 5 de Optuna (trials 16,14,13,19,18) x 4 semillas, 1.500 rondas, lags12, pesos 0,25, 03-06",,,,,,,,,,14000,,,/Users/agustina/Documents/segundo-cuatrimestre/competencia-1/experimentos/c221_ensamble,
65,c231_rep,2026-10-08 19:12:19.489456+00:00,c231_rep.py,bf9feaf,"competencia_01_rep.parquet (790 predictoras): reparaciones de Ramirez D01 (ccajas_dep_otras, sin *_mconsumototal, centinelas de Fvencimiento y mfinanciacion_limite a NULL), 36 transiciones a cero/negativo/desde cero, 4 recencias de ventana fija, lags/deltas 1 y 2 de todo; receta, pesos 0,25, 03-06",,,,,,,,,5.0,14000,,,/Users/agustina/Documents/segundo-cuatrimestre/competencia-1/experimentos/c231_rep,
66,c240_pu,2026-10-08 19:50:03.112612+00:00,c240_pu.py,452b061,"lags12 + receta + 202107 como positive-unlabeled: 1.103 BAJA+1 de julio como positivos (peso 0,25), podados los 2.017 no-BAJA+1 del top 2.500 del ranking de c201 en julio, 161.228 negativos de julio; 816.397 filas, 9.170 positivos",,,,,,,,,5.0,14000,,,/Users/agustina/Documents/segundo-cuatrimestre/competencia-1/experimentos/c240_pu,
67,c241_rondas2000,2026-10-08 20:48:48.193206+00:00,c241_rondas2000.py,b8f1ad0,"lags12 + receta con 2.000 rondas (en vez de 1.000), pesos 0,25, 03-06, 5 semillas",,,,,,,,,5.0,14000,,,/Users/agustina/Documents/segundo-cuatrimestre/competencia-1/experimentos/c241_rondas2000,
