id,submit_id,recibido_en,public_gain_mean,public_gain_std,n_archivos,submits_usados,respuesta_cruda,submission_id
1,1,2026-10-04 00:27:37.890123+00:00,89.0175,0.6496,3,1.0,"📦 **Submission received:** 3 candidate models
📊 **Public gain** -> mean: 89.0175, std dev: 0.6496
🆔 **Submission ID**: `1572-1791073635598180`

ℹ️ This is now your final submission -- your LAST pre-deadline submit always is, with no separate step needed.

📅 Submissions today: 1/13",1572-1791073635598180
2,2,2026-10-04 04:08:58.892976+00:00,91.355,1.4873,20,2.0,"📦 **Submission received:** 20 candidate models
📊 **Public gain** -> mean: 91.3550, std dev: 1.4873
🆔 **Submission ID**: `1572-1791086786983156`

ℹ️ This is now your final submission -- your LAST pre-deadline submit always is, with no separate step needed.

📅 Submissions today: 2/13",1572-1791086786983156
3,3,2026-10-04 04:08:58.896018+00:00,92.675,0,1,3.0,":package: Submission received: 1 candidate model
:bar_chart: Public gain -> mean: 92.6750, std dev: 0.0000
:id: Submission ID: 1572-1791086793461297
:info: This is now your final submission -- your LAST pre-deadline submit always is, with no separate step needed.
:calendar: Submissions today: 3/13",1572-1791086793461297
4,4,2026-10-04 21:53:16.962728+00:00,87.9147,1.7,10,4.0,"📦 **Submission received:** 10 candidate models
📊 **Public gain** -> mean: 87.9147, std dev: 1.7000
🆔 **Submission ID**: `1572-1791150692744557`

ℹ️ This is now your final submission -- your LAST pre-deadline submit always is, with no separate step needed.

📅 Submissions today: 4/13",
5,5,2026-10-04 21:53:16.970082+00:00,92.4742,1.9748,10,5.0,"📦 **Submission received:** 10 candidate models
📊 **Public gain** -> mean: 92.4742, std dev: 1.9748
🆔 **Submission ID**: `1572-1791150697925701`

ℹ️ This is now your final submission -- your LAST pre-deadline submit always is, with no separate step needed.

📅 Submissions today: 5/13",
6,6,2026-10-04 21:53:16.977079+00:00,90.9755,2.7811,10,6.0,"📦 **Submission received:** 10 candidate models
📊 **Public gain** -> mean: 90.9755, std dev: 2.7811
🆔 **Submission ID**: `1572-1791150707801424`

ℹ️ This is now your final submission -- your LAST pre-deadline submit always is, with no separate step needed.

📅 Submissions today: 6/13",
7,7,2026-10-04 21:53:16.984566+00:00,89.3777,1.2243,10,7.0,"📦 **Submission received:** 10 candidate models
📊 **Public gain** -> mean: 89.3777, std dev: 1.2243
🆔 **Submission ID**: `1572-1791150713037106`

ℹ️ This is now your final submission -- your LAST pre-deadline submit always is, with no separate step needed.

📅 Submissions today: 7/13",
8,8,2026-10-04 21:53:16.987495+00:00,92.125,0,1,8.0,"📦 **Submission received:** 1 candidate model
📊 **Public gain** -> mean: 92.1250, std dev: 0.0000
🆔 **Submission ID**: `1572-1791150768939325`

ℹ️ This is now your final submission -- your LAST pre-deadline submit always is, with no separate step needed.

📅 Submissions today: 8/13",
9,11,2026-10-05 23:46:28.505232+00:00,83.71,0,1,,[reconciliado desde el bot] submission_id 1572-1791211902451435,
10,12,2026-10-05 23:46:28.510385+00:00,86.95,0,1,,[reconciliado desde el bot] submission_id 1572-1791211899709817,
11,13,2026-10-05 23:46:28.521142+00:00,88.61,0,1,,[reconciliado desde el bot] submission_id 1572-1791211892854246,
12,14,2026-10-05 23:46:28.526182+00:00,88.77,0,1,,[reconciliado desde el bot] submission_id 1572-1791211890159680,
13,15,2026-10-05 23:46:28.530636+00:00,89.9,0,1,,[reconciliado desde el bot] submission_id 1572-1791211887486776,
14,16,2026-10-05 23:46:28.534757+00:00,95.78,0,1,,[reconciliado desde el bot] submission_id 1572-1791164533146820,
15,17,2026-10-05 23:46:28.546845+00:00,92.62,0,1,,[reconciliado desde el bot] submission_id 1572-1791164530673743,
16,18,2026-10-05 23:46:28.553378+00:00,94.57,0,1,,[reconciliado desde el bot] submission_id 1572-1791164528144834,
17,19,2026-10-05 23:46:28.556933+00:00,90.53,0,1,,[reconciliado desde el bot] submission_id 1572-1791164525718453,
18,20,2026-10-05 23:46:28.560239+00:00,87.28,0,1,,[reconciliado desde el bot] submission_id 1572-1791164414630978,
19,21,2026-10-05 23:46:28.562911+00:00,95.7,0,1,,[reconciliado desde el bot] submission_id 1572-1791164412306747,
20,22,2026-10-05 23:46:28.566081+00:00,-49.86,0,1,,[reconciliado desde el bot] submission_id 1572-1791164410011828,
21,23,2026-10-05 23:46:28.568724+00:00,96.17,0,1,,[reconciliado desde el bot] submission_id 1572-1791164407609683,
22,24,2026-10-05 23:46:28.571260+00:00,92.1,0,1,,[reconciliado desde el bot] submission_id 1572-1791151050371329,
23,25,2026-10-05 23:46:28.573681+00:00,97.24,0,1,,[reconciliado desde el bot] submission_id 1572-1791151047897190,
24,26,2026-10-05 23:46:28.576632+00:00,88.14,0,1,,[reconciliado desde el bot] submission_id 1572-1791150998957389,
25,27,2026-10-05 23:46:28.578479+00:00,95.37,0,1,,[reconciliado desde el bot] submission_id 1572-1791150996283039,
26,28,2026-10-05 23:46:28.581450+00:00,92.59,0,1,,[reconciliado desde el bot] submission_id 1572-1791150993581933,
27,9,2026-10-06 00:02:16.881820+00:00,87.615,0,1,1.0,"📦 **Submission received:** 1 candidate model
📊 **Public gain** -> mean: 87.6150, std dev: 0.0000
🆔 **Submission ID**: `1572-1791244906689239`

ℹ️ This is now your final submission -- your LAST pre-deadline submit always is, with no separate step needed.

📅 Submissions today: 1/13",
28,32,2026-10-06 04:46:35.008020+00:00,91.8253,1.5983,20,,"📦 **Submission received:** 20 candidate models
📊 **Public gain** -> mean: 91.8253, std dev: 1.5983
🆔 **Submission ID**: `1572-1791261909141316`

ℹ️ This is now your final submission -- your LAST pre-deadline submit always is, with no separate step needed.

📅 Submissions today: 2/13",
29,33,2026-10-06 04:46:35.011880+00:00,88.198,2.112,20,,"📦 **Submission received:** 20 candidate models
📊 **Public gain** -> mean: 88.1980, std dev: 2.1120
🆔 **Submission ID**: `1572-1791261921755909`

ℹ️ This is now your final submission -- your LAST pre-deadline submit always is, with no separate step needed.

📅 Submissions today: 3/13",
30,34,2026-10-06 04:46:35.013469+00:00,89.3159,2.4567,20,,"📦 **Submission received:** 20 candidate models
📊 **Public gain** -> mean: 89.3159, std dev: 2.4567
🆔 **Submission ID**: `1572-1791261933973793`

ℹ️ This is now your final submission -- your LAST pre-deadline submit always is, with no separate step needed.

📅 Submissions today: 4/13",
31,35,2026-10-06 04:46:35.014747+00:00,88.7535,2.0565,20,,"📦 **Submission received:** 20 candidate models
📊 **Public gain** -> mean: 88.7535, std dev: 2.0565
🆔 **Submission ID**: `1572-1791261946258088`

ℹ️ This is now your final submission -- your LAST pre-deadline submit always is, with no separate step needed.

📅 Submissions today: 5/13",
32,40,2026-10-06 05:01:41.697041+00:00,91.1061,1.7148,20,10.0,"[20 archivos, corte 9.000] mean 91.1061 std 1.7148",
33,36,2026-10-06 05:01:41.701756+00:00,90.2275,2.2529,20,,[20 archivos] mean 90.2275 std 2.2529,
34,37,2026-10-06 05:01:41.704133+00:00,94.2232,2.0755,20,,[20 archivos] mean 94.2232 std 2.0755,
35,38,2026-10-06 05:01:41.705553+00:00,87.153,1.7933,20,,[20 archivos] mean 87.153 std 1.7933,
36,39,2026-10-06 05:01:41.706930+00:00,83.1834,1.8796,20,,[20 archivos] mean 83.1834 std 1.8796,
37,43,2026-10-06 17:04:37.549277+00:00,91.2725,0,1,13.0,"[ensamble, corte 10.500] mean 91.2725",
38,44,2026-10-07 23:44:45.154246+00:00,100.2485,1.3326,5,5.0,"📦 **Submission received:** 5 candidate models
📊 **Public gain** -> mean: 100.2485, std dev: 1.3326
🆔 **Submission ID**: `1572-1791416685188176`

ℹ️ This is now your final submission -- your LAST pre-deadline submit always is, with no separate step needed.

📅 Submissions today: 5/13",
39,45,2026-10-07 23:44:49.003731+00:00,100.4135,1.6478,5,6.0,"📦 **Submission received:** 5 candidate models
📊 **Public gain** -> mean: 100.4135, std dev: 1.6478
🆔 **Submission ID**: `1572-1791416689026854`

ℹ️ This is now your final submission -- your LAST pre-deadline submit always is, with no separate step needed.

📅 Submissions today: 6/13",
40,46,2026-10-07 23:44:53.043108+00:00,102.1185,1.4258,5,7.0,"📦 **Submission received:** 5 candidate models
📊 **Public gain** -> mean: 102.1185, std dev: 1.4258
🆔 **Submission ID**: `1572-1791416693091737`

ℹ️ This is now your final submission -- your LAST pre-deadline submit always is, with no separate step needed.

📅 Submissions today: 7/13",
41,47,2026-10-07 23:46:09.125795+00:00,98.56,2.2251,5,8.0,"📦 **Submission received:** 5 candidate models
📊 **Public gain** -> mean: 98.5600, std dev: 2.2251
🆔 **Submission ID**: `1572-1791416769193700`

ℹ️ This is now your final submission -- your LAST pre-deadline submit always is, with no separate step needed.

📅 Submissions today: 8/13",
42,48,2026-10-07 23:46:13.139595+00:00,104.159,2.2192,5,9.0,"📦 **Submission received:** 5 candidate models
📊 **Public gain** -> mean: 104.1590, std dev: 2.2192
🆔 **Submission ID**: `1572-1791416773198187`

ℹ️ This is now your final submission -- your LAST pre-deadline submit always is, with no separate step needed.

📅 Submissions today: 9/13",
43,49,2026-10-07 23:46:57.680508+00:00,102.729,1.5185,5,10.0,"📦 **Submission received:** 5 candidate models
📊 **Public gain** -> mean: 102.7290, std dev: 1.5185
🆔 **Submission ID**: `1572-1791416817733454`

ℹ️ This is now your final submission -- your LAST pre-deadline submit always is, with no separate step needed.

📅 Submissions today: 10/13",
44,50,2026-10-07 23:51:06.998873+00:00,90.9315,1.9516,20,2.0,"(reconciliado) Public gain mean 90.9315 std 1.9516, 20 candidate models, submissions today 2/13, response msg 195578",
45,51,2026-10-07 23:51:07.037825+00:00,93.4917,2.3997,20,3.0,"(reconciliado) Public gain mean 93.4917 std 2.3997, 20 candidate models, submissions today 3/13, response msg 195580",
46,52,2026-10-07 23:51:07.084554+00:00,92.3876,1.7105,20,4.0,"(reconciliado) Public gain mean 92.3876 std 1.7105, 20 candidate models, submissions today 4/13, response msg 195582",
47,53,2026-10-07 23:51:07.135425+00:00,93.2415,1.1907,20,1.0,"(reconciliado) Public gain mean 93.2415 std 1.1907, 20 candidate models, submissions today 1/13, response msg 195497",
48,41,2026-10-07 23:51:07.136756+00:00,93.2415,1.8353,20,11.0,"(reconciliado) Public gain mean 93.2415 std 1.8353, 20 candidate models, submissions today 11/13, response msg 193832",
49,42,2026-10-07 23:51:07.139811+00:00,97.24,0,1,12.0,"(reconciliado) Public gain mean 97.24 std 0.0, 1 candidate models, submissions today 12/13, response msg 193834",
50,54,2026-10-07 23:53:17.851931+00:00,102.025,2.7668,5,11.0,"📦 **Submission received:** 5 candidate models
📊 **Public gain** -> mean: 102.0250, std dev: 2.7668
🆔 **Submission ID**: `1572-1791417197947047`

ℹ️ This is now your final submission -- your LAST pre-deadline submit always is, with no separate step needed.

📅 Submissions today: 11/13",
51,55,2026-10-07 23:53:22.376184+00:00,103.158,1.4524,5,12.0,"📦 **Submission received:** 5 candidate models
📊 **Public gain** -> mean: 103.1580, std dev: 1.4524
🆔 **Submission ID**: `1572-1791417202443427`

ℹ️ This is now your final submission -- your LAST pre-deadline submit always is, with no separate step needed.

📅 Submissions today: 12/13",
52,56,2026-10-07 23:53:26.522584+00:00,103.7795,1.6521,5,13.0,"📦 **Submission received:** 5 candidate models
📊 **Public gain** -> mean: 103.7795, std dev: 1.6521
🆔 **Submission ID**: `1572-1791417206623728`

ℹ️ This is now your final submission -- your LAST pre-deadline submit always is, with no separate step needed.

📅 Submissions today: 13/13",
53,57,2026-10-08 01:21:08.489858+00:00,100.0271,1.2905,20,1.0,"📦 **Submission received:** 20 candidate models
📊 **Public gain** -> mean: 100.0271, std dev: 1.2905
🆔 **Submission ID**: `1572-1791422468404689`

ℹ️ This is now your final submission -- your LAST pre-deadline submit always is, with no separate step needed.

📅 Submissions today: 1/13",
54,58,2026-10-08 01:21:16.803503+00:00,102.9958,1.9617,20,2.0,"📦 **Submission received:** 20 candidate models
📊 **Public gain** -> mean: 102.9958, std dev: 1.9617
🆔 **Submission ID**: `1572-1791422476680378`

ℹ️ This is now your final submission -- your LAST pre-deadline submit always is, with no separate step needed.

📅 Submissions today: 2/13",
55,59,2026-10-08 02:18:40.193378+00:00,96.4315,0.9293,5,3.0,"📦 **Submission received:** 5 candidate models
📊 **Public gain** -> mean: 96.4315, std dev: 0.9293
🆔 **Submission ID**: `1572-1791425919831506`

ℹ️ This is now your final submission -- your LAST pre-deadline submit always is, with no separate step needed.

📅 Submissions today: 3/13",
56,60,2026-10-08 02:18:44.185946+00:00,97.0585,2.1849,5,4.0,"📦 **Submission received:** 5 candidate models
📊 **Public gain** -> mean: 97.0585, std dev: 2.1849
🆔 **Submission ID**: `1572-1791425923855129`

ℹ️ This is now your final submission -- your LAST pre-deadline submit always is, with no separate step needed.

📅 Submissions today: 4/13",
57,61,2026-10-08 04:13:02.229142+00:00,98.824,2.7794,5,5.0,"📦 **Submission received:** 5 candidate models
📊 **Public gain** -> mean: 98.8240, std dev: 2.7794
🆔 **Submission ID**: `1572-1791432781954666`

ℹ️ This is now your final submission -- your LAST pre-deadline submit always is, with no separate step needed.

📅 Submissions today: 5/13",
58,62,2026-10-08 04:13:07.471283+00:00,100.947,1.7818,5,6.0,"📦 **Submission received:** 5 candidate models
📊 **Public gain** -> mean: 100.9470, std dev: 1.7818
🆔 **Submission ID**: `1572-1791432785997771`

ℹ️ This is now your final submission -- your LAST pre-deadline submit always is, with no separate step needed.

📅 Submissions today: 6/13",
59,63,2026-10-08 04:13:13.089653+00:00,103.158,1.3074,5,7.0,"📦 **Submission received:** 5 candidate models
📊 **Public gain** -> mean: 103.1580, std dev: 1.3074
🆔 **Submission ID**: `1572-1791432792821472`

ℹ️ This is now your final submission -- your LAST pre-deadline submit always is, with no separate step needed.

📅 Submissions today: 7/13",
60,64,2026-10-08 19:11:34.889004+00:00,104.17,0,1,8.0,"📦 **Submission received:** 1 candidate model
📊 **Public gain** -> mean: 104.1700, std dev: 0.0000
🆔 **Submission ID**: `1572-1791486694359021`

ℹ️ This is now your final submission -- your LAST pre-deadline submit always is, with no separate step needed.

📅 Submissions today: 8/17",
61,65,2026-10-08 19:11:38.854874+00:00,100.914,1.5981,5,9.0,"📦 **Submission received:** 5 candidate models
📊 **Public gain** -> mean: 100.9140, std dev: 1.5981
🆔 **Submission ID**: `1572-1791486698491434`

ℹ️ This is now your final submission -- your LAST pre-deadline submit always is, with no separate step needed.

📅 Submissions today: 9/17",
62,66,2026-10-08 19:11:41.470806+00:00,101.97,0,1,10.0,"📦 **Submission received:** 1 candidate model
📊 **Public gain** -> mean: 101.9700, std dev: 0.0000
🆔 **Submission ID**: `1572-1791486701118699`

ℹ️ This is now your final submission -- your LAST pre-deadline submit always is, with no separate step needed.

📅 Submissions today: 10/17",
63,67,2026-10-08 19:12:23.400805+00:00,102.5805,2.5515,5,11.0,"📦 **Submission received:** 5 candidate models
📊 **Public gain** -> mean: 102.5805, std dev: 2.5515
🆔 **Submission ID**: `1572-1791486743030448`

ℹ️ This is now your final submission -- your LAST pre-deadline submit always is, with no separate step needed.

📅 Submissions today: 11/17",
64,68,2026-10-08 19:50:07.224107+00:00,103.213,1.2004,5,12.0,"📦 **Submission received:** 5 candidate models
📊 **Public gain** -> mean: 103.2130, std dev: 1.2004
🆔 **Submission ID**: `1572-1791489007059174`

ℹ️ This is now your final submission -- your LAST pre-deadline submit always is, with no separate step needed.

📅 Submissions today: 12/17",
65,69,2026-10-08 20:48:52.372042+00:00,105.512,1.7919,5,13.0,"📦 **Submission received:** 5 candidate models
📊 **Public gain** -> mean: 105.5120, std dev: 1.7919
🆔 **Submission ID**: `1572-1791492532473938`

ℹ️ This is now your final submission -- your LAST pre-deadline submit always is, with no separate step needed.

📅 Submissions today: 13/17",
66,70,2026-10-08 21:48:51.238452+00:00,102.146,2.2337,5,14.0,"📦 **Submission received:** 5 candidate models
📊 **Public gain** -> mean: 102.1460, std dev: 2.2337
🆔 **Submission ID**: `1572-1791496130817085`

ℹ️ This is now your final submission -- your LAST pre-deadline submit always is, with no separate step needed.

📅 Submissions today: 14/17",
67,71,2026-10-08 21:48:55.861343+00:00,102.8005,1.9313,5,15.0,"📦 **Submission received:** 5 candidate models
📊 **Public gain** -> mean: 102.8005, std dev: 1.9313
🆔 **Submission ID**: `1572-1791496135441533`

ℹ️ This is now your final submission -- your LAST pre-deadline submit always is, with no separate step needed.

📅 Submissions today: 15/17",
68,72,2026-10-08 22:10:18.604039+00:00,104.005,0,1,16.0,"📦 **Submission received:** 1 candidate model
📊 **Public gain** -> mean: 104.0050, std dev: 0.0000
🆔 **Submission ID**: `1572-1791497418200903`

ℹ️ This is now your final submission -- your LAST pre-deadline submit always is, with no separate step needed.

📅 Submissions today: 16/17",
69,73,2026-10-08 23:20:35.764459+00:00,105.512,1.7919,5,17.0,"📦 **Submission received:** 5 candidate models
📊 **Public gain** -> mean: 105.5120, std dev: 1.7919
🆔 **Submission ID**: `1572-1791501635421255`

ℹ️ This is now your final submission -- your LAST pre-deadline submit always is, with no separate step needed.

📅 Submissions today: 17/17",
70,74,2026-10-09 03:48:12.580413+00:00,103.785,0,1,1.0,"📦 **Submission received:** 1 candidate model
📊 **Public gain** -> mean: 103.7850, std dev: 0.0000
🆔 **Submission ID**: `1572-1791517692300212`

ℹ️ This is now your final submission -- your LAST pre-deadline submit always is, with no separate step needed.

📅 Submissions today: 1/17",
71,75,2026-10-09 13:35:53.819251+00:00,103.8469,2.0422,20,2.0,"📦 **Submission received:** 20 candidate models
📊 **Public gain** -> mean: 103.8469, std dev: 2.0422
🆔 **Submission ID**: `1572-1791552953147245`

ℹ️ This is now your final submission -- your LAST pre-deadline submit always is, with no separate step needed.

📅 Submissions today: 2/23",
72,76,2026-10-09 13:35:58.083806+00:00,103.796,1.8225,5,3.0,"📦 **Submission received:** 5 candidate models
📊 **Public gain** -> mean: 103.7960, std dev: 1.8225
🆔 **Submission ID**: `1572-1791552957720893`

ℹ️ This is now your final submission -- your LAST pre-deadline submit always is, with no separate step needed.

📅 Submissions today: 3/23",
73,77,2026-10-09 13:36:02.308444+00:00,104.5605,1.0759,5,4.0,"📦 **Submission received:** 5 candidate models
📊 **Public gain** -> mean: 104.5605, std dev: 1.0759
🆔 **Submission ID**: `1572-1791552961809860`

ℹ️ This is now your final submission -- your LAST pre-deadline submit always is, with no separate step needed.

📅 Submissions today: 4/23",
74,78,2026-10-09 13:36:06.304314+00:00,104.522,1.1168,5,5.0,"📦 **Submission received:** 5 candidate models
📊 **Public gain** -> mean: 104.5220, std dev: 1.1168
🆔 **Submission ID**: `1572-1791552965953253`

ℹ️ This is now your final submission -- your LAST pre-deadline submit always is, with no separate step needed.

📅 Submissions today: 5/23",
75,79,2026-10-09 13:36:10.167486+00:00,103.488,1.1436,5,6.0,"📦 **Submission received:** 5 candidate models
📊 **Public gain** -> mean: 103.4880, std dev: 1.1436
🆔 **Submission ID**: `1572-1791552969819072`

ℹ️ This is now your final submission -- your LAST pre-deadline submit always is, with no separate step needed.

📅 Submissions today: 6/23",
76,80,2026-10-09 13:36:14.220607+00:00,102.2285,1.0166,5,7.0,"📦 **Submission received:** 5 candidate models
📊 **Public gain** -> mean: 102.2285, std dev: 1.0166
🆔 **Submission ID**: `1572-1791552973874774`

ℹ️ This is now your final submission -- your LAST pre-deadline submit always is, with no separate step needed.

📅 Submissions today: 7/23",
77,81,2026-10-09 13:36:18.363814+00:00,101.4915,1.4469,5,8.0,"📦 **Submission received:** 5 candidate models
📊 **Public gain** -> mean: 101.4915, std dev: 1.4469
🆔 **Submission ID**: `1572-1791552977910913`

ℹ️ This is now your final submission -- your LAST pre-deadline submit always is, with no separate step needed.

📅 Submissions today: 8/23",
78,82,2026-10-09 13:36:22.371767+00:00,104.115,1.7983,5,9.0,"📦 **Submission received:** 5 candidate models
📊 **Public gain** -> mean: 104.1150, std dev: 1.7983
🆔 **Submission ID**: `1572-1791552982012829`

ℹ️ This is now your final submission -- your LAST pre-deadline submit always is, with no separate step needed.

📅 Submissions today: 9/23",
79,83,2026-10-09 13:38:06.187219+00:00,103.3024,1.8591,20,10.0,"📦 **Submission received:** 20 candidate models
📊 **Public gain** -> mean: 103.3024, std dev: 1.8591
🆔 **Submission ID**: `1572-1791553085744529`

ℹ️ This is now your final submission -- your LAST pre-deadline submit always is, with no separate step needed.

📅 Submissions today: 10/23",
80,84,2026-10-09 13:38:16.745622+00:00,102.8088,1.7182,20,11.0,"📦 **Submission received:** 20 candidate models
📊 **Public gain** -> mean: 102.8088, std dev: 1.7182
🆔 **Submission ID**: `1572-1791553096232926`

ℹ️ This is now your final submission -- your LAST pre-deadline submit always is, with no separate step needed.

📅 Submissions today: 11/23",
81,85,2026-10-09 14:54:54.406191+00:00,104.621,2.5123,5,12.0,"📦 **Submission received:** 5 candidate models
📊 **Public gain** -> mean: 104.6210, std dev: 2.5123
🆔 **Submission ID**: `1572-1791557694041985`

ℹ️ This is now your final submission -- your LAST pre-deadline submit always is, with no separate step needed.

📅 Submissions today: 12/23",
82,86,2026-10-09 16:28:38.925532+00:00,103.268,2.1933,5,13.0,"📦 **Submission received:** 5 candidate models
📊 **Public gain** -> mean: 103.2680, std dev: 2.1933
🆔 **Submission ID**: `1572-1791563319020984`

ℹ️ This is now your final submission -- your LAST pre-deadline submit always is, with no separate step needed.

📅 Submissions today: 13/23",
83,87,2026-10-09 16:42:23.533180+00:00,102.7125,0.8575,5,14.0,"📦 **Submission received:** 5 candidate models
📊 **Public gain** -> mean: 102.7125, std dev: 0.8575
🆔 **Submission ID**: `1572-1791564143501139`

ℹ️ This is now your final submission -- your LAST pre-deadline submit always is, with no separate step needed.

📅 Submissions today: 14/23",
84,88,2026-10-09 21:03:48.442858+00:00,104.2635,2.7182,5,15.0,"📦 **Submission received:** 5 candidate models
📊 **Public gain** -> mean: 104.2635, std dev: 2.7182
🆔 **Submission ID**: `1572-1791579827868387`

ℹ️ This is now your final submission -- your LAST pre-deadline submit always is, with no separate step needed.

📅 Submissions today: 15/23",
85,89,2026-10-09 21:03:52.680033+00:00,103.8895,2.537,5,16.0,"📦 **Submission received:** 5 candidate models
📊 **Public gain** -> mean: 103.8895, std dev: 2.5370
🆔 **Submission ID**: `1572-1791579832264764`

ℹ️ This is now your final submission -- your LAST pre-deadline submit always is, with no separate step needed.

📅 Submissions today: 16/23",
86,90,2026-10-09 21:04:13.382297+00:00,102.0525,1.7413,5,17.0,"📦 **Submission received:** 5 candidate models
📊 **Public gain** -> mean: 102.0525, std dev: 1.7413
🆔 **Submission ID**: `1572-1791579852933708`

ℹ️ This is now your final submission -- your LAST pre-deadline submit always is, with no separate step needed.

📅 Submissions today: 17/23",
87,91,2026-10-09 21:06:05.344426+00:00,103.015,0,1,18.0,"📦 **Submission received:** 1 candidate model
📊 **Public gain** -> mean: 103.0150, std dev: 0.0000
🆔 **Submission ID**: `1572-1791579964938718`

ℹ️ This is now your final submission -- your LAST pre-deadline submit always is, with no separate step needed.

📅 Submissions today: 18/23",
88,92,2026-10-09 22:12:59.354066+00:00,105.754,1.2997,5,19.0,"📦 **Submission received:** 5 candidate models
📊 **Public gain** -> mean: 105.7540, std dev: 1.2997
🆔 **Submission ID**: `1572-1791583979339845`

ℹ️ This is now your final submission -- your LAST pre-deadline submit always is, with no separate step needed.

📅 Submissions today: 19/23",
89,93,2026-10-09 23:33:40.232584+00:00,99.9185,2.1145,5,20.0,"📦 **Submission received:** 5 candidate models
📊 **Public gain** -> mean: 99.9185, std dev: 2.1145
🆔 **Submission ID**: `1572-1791588820398919`

ℹ️ This is now your final submission -- your LAST pre-deadline submit always is, with no separate step needed.

📅 Submissions today: 20/31",
90,94,2026-10-09 23:33:45.040254+00:00,105.699,0.5535,5,21.0,"📦 **Submission received:** 5 candidate models
📊 **Public gain** -> mean: 105.6990, std dev: 0.5535
🆔 **Submission ID**: `1572-1791588825266141`

ℹ️ This is now your final submission -- your LAST pre-deadline submit always is, with no separate step needed.

📅 Submissions today: 21/31",
91,95,2026-10-09 23:33:49.465340+00:00,105.6715,1.2184,5,22.0,"📦 **Submission received:** 5 candidate models
📊 **Public gain** -> mean: 105.6715, std dev: 1.2184
🆔 **Submission ID**: `1572-1791588829692795`

ℹ️ This is now your final submission -- your LAST pre-deadline submit always is, with no separate step needed.

📅 Submissions today: 22/31",
92,96,2026-10-09 23:33:53.942300+00:00,103.653,1.3061,5,23.0,"📦 **Submission received:** 5 candidate models
📊 **Public gain** -> mean: 103.6530, std dev: 1.3061
🆔 **Submission ID**: `1572-1791588834213564`

ℹ️ This is now your final submission -- your LAST pre-deadline submit always is, with no separate step needed.

📅 Submissions today: 23/31",
93,97,2026-10-09 23:35:52.660327+00:00,103.5595,1.9659,20,24.0,"📦 **Submission received:** 20 candidate models
📊 **Public gain** -> mean: 103.5595, std dev: 1.9659
🆔 **Submission ID**: `1572-1791588952821500`

ℹ️ This is now your final submission -- your LAST pre-deadline submit always is, with no separate step needed.

📅 Submissions today: 24/31",
94,98,2026-10-09 23:36:01.363828+00:00,103.3697,1.4953,20,25.0,"📦 **Submission received:** 20 candidate models
📊 **Public gain** -> mean: 103.3697, std dev: 1.4953
🆔 **Submission ID**: `1572-1791588961591015`

ℹ️ This is now your final submission -- your LAST pre-deadline submit always is, with no separate step needed.

📅 Submissions today: 25/31",
95,99,2026-10-09 23:36:10.133543+00:00,101.1216,1.8972,20,26.0,"📦 **Submission received:** 20 candidate models
📊 **Public gain** -> mean: 101.1216, std dev: 1.8972
🆔 **Submission ID**: `1572-1791588970312070`

ℹ️ This is now your final submission -- your LAST pre-deadline submit always is, with no separate step needed.

📅 Submissions today: 26/31",
96,100,2026-10-09 23:36:18.989509+00:00,101.7404,2.2532,20,27.0,"📦 **Submission received:** 20 candidate models
📊 **Public gain** -> mean: 101.7404, std dev: 2.2532
🆔 **Submission ID**: `1572-1791588979203226`

ℹ️ This is now your final submission -- your LAST pre-deadline submit always is, with no separate step needed.

📅 Submissions today: 27/31",
97,101,2026-10-09 23:36:27.822070+00:00,102.6905,1.7376,20,28.0,"📦 **Submission received:** 20 candidate models
📊 **Public gain** -> mean: 102.6905, std dev: 1.7376
🆔 **Submission ID**: `1572-1791588987996069`

ℹ️ This is now your final submission -- your LAST pre-deadline submit always is, with no separate step needed.

📅 Submissions today: 28/31",
98,102,2026-10-09 23:36:36.784971+00:00,102.4953,1.4581,20,29.0,"📦 **Submission received:** 20 candidate models
📊 **Public gain** -> mean: 102.4953, std dev: 1.4581
🆔 **Submission ID**: `1572-1791588997015718`

ℹ️ This is now your final submission -- your LAST pre-deadline submit always is, with no separate step needed.

📅 Submissions today: 29/31",
99,103,2026-10-09 23:36:45.236043+00:00,101.3224,1.4143,20,30.0,"📦 **Submission received:** 20 candidate models
📊 **Public gain** -> mean: 101.3224, std dev: 1.4143
🆔 **Submission ID**: `1572-1791589005428566`

ℹ️ This is now your final submission -- your LAST pre-deadline submit always is, with no separate step needed.

📅 Submissions today: 30/31",
