submit,estado,es_final,experimento,target,corte_envios,ganancia_val_media,public_gain_mean,public_gain_std,n_archivos,delta_contra,delta_descripcion,hipotesis,creado_en,enviado_en
c241_rondas2000_14000,respondido,False,c241_rondas2000,,15000,,105.512,1.7919,5,c201_lags_14000,"identico a c201 salvo num_boost_round 2.000; solapa 92,7%","el best_iter de la busqueda crecio con los meses de entrenamiento (1.000 con dos meses, tope 2.500 con tres): con cuatro meses las 1.000 rondas fijas quedan cortas",2026-10-08 20:48:48.197115+00:00,2026-10-08 20:48:51.660782+00:00
c244_rondas3000_14000,respondido,False,c244_rondas3000,,14000,,105.512,1.7919,5,c241_rondas2000_14000,identico a c241 salvo 3.000 rondas en vez de 2.000,"la curva de rondas: 1.000 -> 104,16, 2.000 -> 105,51; ver si a 3.000 sigue subiendo o ya baja",2026-10-08 23:20:31.747035+00:00,2026-10-08 23:20:35.138433+00:00
c260_props2000_14000,respondido,False,c260_props2000,,14000,,104.621,2.5123,5,c241_rondas2000_14000,"identico a c241 salvo 55 columnas de proporciones agregadas (105,51)","11 proporciones de negocio (utilizacion de tarjeta, consumo/limite, saldo/sueldo, prestamo/sueldo, pago/saldo Visa, minimo/saldo, share de ahorro, trx/producto) con lags/deltas: cocientes pesos/pesos invariantes a la inflacion que un arbol con max_bin 31 aproxima mal. Sugerencia del profesor (proporciones) sin medir hasta ahora",2026-10-09 14:54:50.575318+00:00,2026-10-09 14:54:53.711490+00:00
c251_comdefl2000_14000,respondido,False,c251_comdefl2000,,14000,,104.5605,1.0759,5,c241_rondas2000_14000,"identico a c241 salvo comisiones deflactadas (y sus lags) (105,51)","mcomisiones_mantenimiento tiene el drift mas grande del dataset (PSI 0,55/0,66 en 07/08) por cambio de tarifa +22%, no de conducta. Dividir las dos comisiones por la mediana mensual de los que pagan (tarifa estandar = 1,0 todos los meses) saca el umbral aprendido en pesos viejos. Deflactar TODO perdio (c127); esto toca solo 2 de 150",2026-10-09 13:35:58.360767+00:00,2026-10-09 13:36:01.564472+00:00
c253_aguinaldo2000_14000,respondido,False,c253_aguinaldo2000,,14000,,104.522,1.1168,5,c241_rondas2000_14000,"identico a c241 salvo junio con SAC normalizado (105,51)","el SAC de junio deja en agosto mpayroll__delta2 = -35% y cpayroll_trx__delta2 = -1 para todo asalariado: el modelo entrenado en 03-06 nunca vio esa firma en el mes a predecir y la lee como caida de sueldo. Normalizar junio (/1,5 y -1 trx) solo donde hay evidencia de SAC (2+ acreditaciones o salto > 30%) borra el artefacto de calendario",2026-10-09 13:36:02.585913+00:00,2026-10-09 13:36:05.719218+00:00
c201_lags_ens20_14000,respondido,False,c201_receta_lags,pesos,14000,,104.17,0,1,c201_lags20_14000,mismas 20 semillas y corte; un archivo con el ensamble en vez de 20 sueltos (Jensen: esperado +1 a +2),"referencia a nivel ensamble: el ensamble por rank de las 20 semillas de c201 a 14.000, para comparar contra ensambles de un archivo",2026-10-08 19:11:32.096625+00:00,2026-10-08 19:11:34.326935+00:00
c201_lags_14000,respondido,False,c201_receta_lags,pesos,14000,,104.159,2.2192,5,c201_lags_12500,"mismo ranking, corte 14.000 vs 12.500",lado derecho: ver si a 14.000 la curva ya baja respecto de 12.500,2026-10-07 23:46:09.534858+00:00,2026-10-07 23:46:12.530751+00:00
c249_hojas127_14000,respondido,False,c249_hojas127,,14000,,104.115,1.7983,5,c241_rondas2000_14000,"identico a c241 salvo 127 hojas (105,51)","83 hojas es una de 12 configs al azar de la catedra; con 750 columnas y 2.000 rondas, 127 hojas da arboles mas expresivos. Mas rondas ayudo (capacidad faltante); mas hojas es la otra forma de capacidad",2026-10-09 13:36:18.624339+00:00,2026-10-09 13:36:21.742764+00:00
c245_ens_buenos_14000,respondido,False,c245_ens_buenos,,14000,,104.005,0,1,c201_lags_ens20_14000,"un archivo contra un archivo: 25 modelos heterogeneos de calidad pareja vs 20 semillas de la receta (104,17)","diversidad de datasets/configuraciones con calidad pareja (todos dentro de +-2 de la referencia) suma como en el stacking 2025; distinto de c221, cuyos miembros eran peores",2026-10-08 22:10:15.912818+00:00,2026-10-08 22:10:18.128922+00:00
c241_rondas2000_20_14000,respondido,False,c241_rondas2000,,15000,,103.8469,2.0422,20,c201_lags20_14000,"20 archivos contra 20 archivos: 2.000 vs 1.000 rondas (103,00)","las 5 primeras semillas de c201 estan +1,2 sobre su media de 20 (104,16 vs 103,00). Si en c241 pasa lo mismo, el +1,35 de 2.000 rondas es suerte de semillas: la media de 20 de c241 contra la media de 20 de c201 (103,00) es la comparacion justa, mismas 20 semillas",2026-10-09 13:35:43.236745+00:00,2026-10-09 13:35:50.702737+00:00
c246_rondas3000_14000,respondido,False,c246_rondas3000,,14000,,103.796,1.8225,5,c241_rondas2000_14000,"identico a c241 salvo 3.000 rondas (105,51)","la curva de rondas con lr 0,005: 1.000 -> 104,16, 2.000 -> 105,51 (5 semillas). Si 3.000 sigue subiendo, el modelo estaba corto; si baja, 2.000 es el techo. Esta vez verificado en el log: 3000 rondas",2026-10-09 13:35:54.092726+00:00,2026-10-09 13:35:57.477457+00:00
c241_rondas2000_ens20_14000,respondido,False,c241_rondas2000,,15000,,103.785,0,1,c201_lags_ens20_14000,"un archivo contra un archivo: ens20 a 2.000 rondas vs ens20 a 1.000 rondas (104,17)","2.000 rondas con 20 semillas: el ensamble de 20 de la receta a 1.000 rondas dio 104,17 (un archivo); 5 semillas sueltas de 2.000 rondas dieron 105,51 en promedio. Si el ensamble de 20 a 2.000 rondas supera 104,17 por mas de ~1,5, las rondas se adoptan para la entrega",2026-10-09 03:48:09.987761+00:00,2026-10-09 03:48:12.017843+00:00
c201_lags_14500,respondido,False,c201_receta_lags,pesos,14000,,103.7795,1.6521,5,c201_lags_14000,"mismo ranking de 5 semillas, corte 14500",rellenar la banda 12.500-15.000 donde esta el optimo del modelo nuevo: decide el corte de la entrega,2026-10-07 23:53:22.807034+00:00,2026-10-07 23:53:25.947643+00:00
c255_calendario2000_14000,respondido,False,c255_calendario2000,,14000,,103.488,1.1436,5,c253_aguinaldo2000_14000,"c253 + vip + delinquency, contra c253 solo","las tres reparaciones de calendario juntas: SAC de junio (c253) + cliente_vip de junio tomado de mayo (junio marca ~0 vip, artefacto) + Visa_delinquency = 0 donde Visa_Finiciomora = 0 en 05/08 (ceros inyectados). Si c253 solo ya gana, esto mide si vip y delinquency suman o restan",2026-10-09 13:36:06.574204+00:00,2026-10-09 13:36:09.569501+00:00
c241_rondas2000_20_13000,respondido,False,c241_rondas2000,,15000,,103.3024,1.8591,20,c241_rondas2000_20_14000,"20 archivos contra 20 archivos, mismo modelo, corte 13000 vs 14.000 (103,85)","curva de corte con 20 archivos (sd de la media ~0,45 en vez de ~0,9 con 5): a 14.000 dio 103,85. La meseta 13.500-14.500 se midio con 5 archivos de 1.000 rondas; con 2.000 rondas el ranking es mas profundo y el optimo puede correrse. Decide el K de la entrega",2026-10-09 13:37:45.210787+00:00,2026-10-09 13:38:04.552400+00:00
c261_agregados2000_14000,respondido,False,c261_agregados2000,,14000,,103.268,2.1933,5,c241_rondas2000_14000,"identico a c241 salvo 88 columnas de agregados (105,51)","sumas (deuda total, ingresos, inversiones, patrimonio, consumo de tarjetas), conteos (canales, productos activos, seguros, tarjetas en cierre), rachas (fotos seguidas en rojo / sin sueldo / sin consumo / sin operar / saldo cayendo) y crecimientos x/lag1(x)-1. Son variables que no existen en ninguna columna; la racha en rojo sola separa BAJA+2 0,37% -> 2,70%",2026-10-09 16:28:35.185943+00:00,2026-10-09 16:28:38.329657+00:00
c240_pu2500_14000,respondido,False,c240_pu,,14000,,103.213,1.2004,5,c201_lags_14000,"mismo dataset, receta, semillas y corte; se agrega 202107 podado. Solapa 96,2% con c201: el efecto medible esta acotado a ~2 M","un mes mas cerca de agosto sin envenenar negativos; c168 perdio 33,7 M por etiquetar los BAJA+2 escondidos como negativos",2026-10-08 19:50:03.119727+00:00,2026-10-08 19:50:06.554215+00:00
c201_lags_13500,respondido,False,c201_receta_lags,pesos,14000,,103.158,1.4524,5,c201_lags_14000,"mismo ranking de 5 semillas, corte 13500",rellenar la banda 12.500-15.000 donde esta el optimo del modelo nuevo: decide el corte de la entrega,2026-10-07 23:53:18.289772+00:00,2026-10-07 23:53:21.738000+00:00
c215_lagsrank_14000,respondido,False,c215_lagsrank,,14000,,103.158,1.3074,5,c201_lags_14000,"misma receta, target, semillas y corte; cambia el dataset (montos rankeados antes de los lags)",un delta de percentil mide conducta y no calendario/inflacion (Abregu B4+B5); deberia ganar o empatar a los lags crudos,2026-10-08 04:13:07.751775+00:00,2026-10-08 04:13:12.522754+00:00
c201_lags20_14000,respondido,False,c201_receta_lags,pesos,14000,,102.9958,1.9617,20,c201_lags_14000,"mismo ranking que c201_lags_14000 (104,16 con 5 semillas), ahora 20 archivos",lectura pareada con 20 archivos: mismas 20 semillas y corte que la referencia; el +7 de 5 semillas deberia sostenerse,2026-10-08 01:21:08.950004+00:00,2026-10-08 01:21:15.097478+00:00
c241_rondas2000_20_15000,respondido,False,c241_rondas2000,,15000,,102.8088,1.7182,20,c241_rondas2000_20_14000,"20 archivos contra 20 archivos, mismo modelo, corte 15000 vs 14.000 (103,85)","curva de corte con 20 archivos (sd de la media ~0,45 en vez de ~0,9 con 5): a 14.000 dio 103,85. La meseta 13.500-14.500 se midio con 5 archivos de 1.000 rondas; con 2.000 rondas el ranking es mas profundo y el optimo puede correrse. Decide el K de la entrega",2026-10-09 13:38:06.474227+00:00,2026-10-09 13:38:13.166256+00:00
c243_baja12_14000,respondido,False,c243_baja12,,14000,,102.8005,1.9313,5,c201_lags_14000,"identico a c201 salvo peso_baja1 1,0",el extremo de la misma hipotesis: BAJA+1 con peso pleno (la clase binaria de la catedra),2026-10-08 21:48:51.801811+00:00,2026-10-08 21:48:55.167342+00:00
c201_lags_15000,respondido,False,c201_receta_lags,pesos,14000,,102.729,1.5185,5,c201_lags_14000,"mismo ranking, corte 15.000 vs 14.000",tope del bot: si la curva sigue subiendo a 15.000 la entrega va al maximo,2026-10-07 23:46:54.033024+00:00,2026-10-07 23:46:57.074355+00:00
c262_sin_muertas_14000,respondido,False,c262_sin_muertas,,14000,,102.7125,0.8575,5,c241_rondas2000_14000,"identico a c241 salvo 52 columnas sin split excluidas (698 predictoras) (105,51 / media de 20: 103,85)","reduccion de dimensionalidad por importancia medida: 52 de 750 columnas no tienen un solo split en los 20 modelos de c241. Con ff 0,5 x bynode 0,2 cada split muestrea ~75 columnas; sacar las muertas sube la probabilidad de que las vivas esten. Referencia honesta: la media de 20 de c241 (103,85), no el maximo de 5 (105,51); con 5 archivos |delta| < 2 no es medible",2026-10-09 16:42:19.575196+00:00,2026-10-09 16:42:22.898613+00:00
c231_rep_14000,respondido,False,c231_rep,,14000,,102.5805,2.5515,5,c201_lags_14000,"misma receta, target, semillas (5) y corte; cambia el dataset (lags12 -> rep)",reparaciones + transiciones binarias + recencia (inmunes al drift) suman sobre lags12 (backlog A5/B5),2026-10-08 19:12:19.493108+00:00,2026-10-08 19:12:22.748925+00:00
c247_hess05_14000,respondido,False,c247_hess05,,14000,,102.2285,1.0166,5,c241_rondas2000_14000,"identico a c241 salvo hessian x0,5 (105,51)","min_sum_hessian_in_leaf 25,65 es calibracion de Ramirez (12,79 x filas / 326.184), no de la catedra; Denicolay busca en 1e-6..0,1 absoluto. Bajarlo a 12,8 deja hojas mas chicas: c222 dijo que el hessiano chico de Optuna no transfirio a mayo, pero eso era 1e-6..8e-6 por fila, dos ordenes mas abajo",2026-10-09 13:36:10.440283+00:00,2026-10-09 13:36:13.627349+00:00
c242_peso05_14000,respondido,False,c242_peso05,,14000,,102.146,2.2337,5,c201_lags_14000,"identico a c201 salvo peso_baja1 0,5 en vez de 0,25",mas señal de BAJA+1 mejora la cabeza del ranking (diagnostico del fold B: el modelo con BAJA+1 rankea mejor a los BAJA+2),2026-10-08 21:48:46.913196+00:00,2026-10-08 21:48:50.571210+00:00
c201_lags_12500,respondido,False,c201_receta_lags,pesos,14000,,102.1185,1.4258,5,c201_lags_11500,"mismo ranking, corte 12.500 vs 11.500",segundo punto a la derecha para ver si la curva ya baja a 12.500,2026-10-07 23:43:51.754316+00:00,2026-10-07 23:44:52.441458+00:00
c201_lags_13000,respondido,False,c201_receta_lags,pesos,14000,,102.025,2.7668,5,c201_lags_14000,"mismo ranking de 5 semillas, corte 13000",rellenar la banda 12.500-15.000 donde esta el optimo del modelo nuevo: decide el corte de la entrega,2026-10-07 23:53:14.208598+00:00,2026-10-07 23:53:17.225117+00:00
c221_hetero_14000,respondido,False,c221_ensamble,,14000,,101.97,0,1,c201_lags_ens20_14000,un archivo con los 20 modelos heterogeneos vs un archivo con las 20 semillas de la receta,"la heterogeneidad (5 configs x 4 semillas) aporta sobre el ensamble homogeneo de la receta (Denicolay: 10+ modelos distintos; Abregu +6,8)",2026-10-08 19:11:39.125613+00:00,2026-10-08 19:11:41.088790+00:00
c248_hess2_14000,respondido,False,c248_hess2,,14000,,101.4915,1.4469,5,c241_rondas2000_14000,"identico a c241 salvo hessian x2 (105,51)","el otro lado del barrido: hessian 51,3 regulariza mas (hojas mas pobladas). Si el modelo pierde ~50 M por drift entre meses, mas regularizacion deberia transferir mejor a agosto",2026-10-09 13:36:14.491965+00:00,2026-10-09 13:36:17.660320+00:00
c214_lags_sin03_14000,respondido,False,c214_lags_sin03,,14000,,100.947,1.7818,5,c201_lags_14000,"mismo dataset, receta, target, semillas y corte; cambia solo el conjunto de meses","con lags, marzo aporta filas y cero historia: el patron de nulos recodifica el mes; sacarlo deberia ayudar o ser neutro",2026-10-08 04:13:02.513608+00:00,2026-10-08 04:13:05.902861+00:00
c221_trials_14000,respondido,False,c221_ensamble,,14000,,100.914,1.5981,5,c201_lags_ens20_14000,cada archivo es un trial con 4 semillas ensambladas; la referencia es la receta con 20 semillas ensambladas,"trial medio de la busqueda, cada uno ensamblado con 4 semillas: ¿le gana al ensamble de la receta? (c222 dice que en mayo no)",2026-10-08 19:11:35.144993+00:00,2026-10-08 19:11:38.188699+00:00
c201_lags_11500,respondido,False,c201_receta_lags,pesos,14000,,100.4135,1.6478,5,c201_lags_10000,"mismo ranking, corte 11.500 vs 10.000",el optimo del modelo nuevo esta mas a la derecha que el de la base (compañeros: 11.500-12.000),2026-10-07 23:43:51.346692+00:00,2026-10-07 23:44:48.384293+00:00
c201_lags_10000,respondido,False,c201_receta_lags,pesos,14000,,100.2485,1.3326,5,c191_base_10000,"mismo corte 10.000, mismas semillas (las primeras 5 de 20), mismo target; cambia dataset (150->750 col) e hiperparametros. Referencia 93,24 con 20 archivos",lags/deltas 1 y 2 de todo + receta Denicolay supera a la base en agosto; compañeros midieron +12 a +16 publico,2026-10-07 23:43:50.888432+00:00,2026-10-07 23:44:44.569541+00:00
c201_lags20_10000,respondido,False,c201_receta_lags,pesos,14000,,100.0271,1.2905,20,c191_base10000,"mismo corte y semillas que c191 (93,24); cambia dataset lags12 + receta",lectura pareada con 20 archivos: mismas 20 semillas y corte que la referencia; el +7 de 5 semillas deberia sostenerse,2026-10-08 01:21:00.867641+00:00,2026-10-08 01:21:06.886021+00:00
c213_lags_baja2_14000,respondido,False,c213_lags_baja2,,14000,,98.824,2.7794,5,c201_lags_14000,"mismo dataset, receta, semillas y corte; cambia solo el target","target BAJA+2 solo le gana a pesos 0,25 sobre el ranking nuevo (Ramirez: K1 91,8 vs K2 86,7 en publico con el mismo modelo)",2026-10-08 04:12:58.294523+00:00,2026-10-08 04:13:01.605529+00:00
c201_lags_9000,respondido,False,c201_receta_lags,pesos,14000,,98.56,2.2251,5,c201_lags_10000,"mismo ranking, corte 9.000 vs 10.000",lado izquierdo de la curva del modelo nuevo: a 9.000 deberia caer si el optimo se corrio a la derecha,2026-10-07 23:46:05.678907+00:00,2026-10-07 23:46:08.547890+00:00
c107corte9000,respondido,False,reconciliado_desde_zulip,pesos,0,,97.24,0,0,,reconciliado el 2026-10-05 desde el bot; enviado 2026-10-04T21:57,,2026-10-05 23:46:28.572112+00:00,2026-10-05 23:46:28.573251+00:00
c154_entrega_9000,respondido,True,c154_entrega,pesos,9000,,97.24,0,1,c152_corte9000,"mismo modelo y mismo corte que c152_corte9000 (94.2232) pero ENSAMBLE por rank en un solo archivo, en vez de 20 archivos de una semilla.","La mejor configuracion MEDIDA. Todo lo demas quedo refutado contra el publico con 20 archivos: fe228 -5.2 sigma, t22 -5.5, sinjunio -4.6, pormes -3.2, histmin sin efecto (dos mediciones de signo opuesto). El corte 9.000 vale +2.87M sobre 11.000 con 5 sigma. El ensamble por rank le suma ~1.3M sobre la media de semillas. Se manda ahora para que lo VIGENTE sea lo bueno y no quede un experimento como entrega si algo sale mal.",2026-10-06 05:02:51.812455+00:00,2026-10-07 23:51:07.138233+00:00
c212_base_receta_10000,respondido,False,c212_base_receta,,10000,,97.0585,2.1849,5,c191_base10000,"mismo dataset y corte que c191 (93,24, 20 semillas); 5 semillas; cambian solo los hiperparametros","desacople: si la receta sola salta, el regimen min_data_in_leaf 0 / hessian escalado explica el +7 y hay que estudiarlo",2026-10-08 02:18:40.616033+00:00,2026-10-08 02:18:43.611585+00:00
c211_lags_z701_10000,respondido,False,c211_lags_z701,,10000,,96.4315,0.9293,5,c201_lags_10000,"mismo dataset, semillas y corte que c201 (100,25); cambian solo los hiperparametros (z701 vs receta)","desacople: si los lags solos ya dan ~100, el salto de c201 es del dataset y la receta es prescindible",2026-10-08 02:18:36.463254+00:00,2026-10-08 02:18:39.569814+00:00
c118_base_9000,respondido,False,reconciliado_desde_zulip,pesos,0,,96.17,0,0,,reconciliado el 2026-10-05 desde el bot; enviado 2026-10-05T01:40,,2026-10-05 23:46:28.567006+00:00,2026-10-05 23:46:28.568163+00:00
c117_v2_ens20_9000,respondido,False,reconciliado_desde_zulip,pesos,0,,95.78,0,0,,reconciliado el 2026-10-05 desde el bot; enviado 2026-10-05T01:42,,2026-10-05 23:46:28.531893+00:00,2026-10-05 23:46:28.533488+00:00
c118_v2corr_9000,respondido,False,reconciliado_desde_zulip,pesos,0,,95.7,0,0,,reconciliado el 2026-10-05 desde el bot; enviado 2026-10-05T01:40,,2026-10-05 23:46:28.561188+00:00,2026-10-05 23:46:28.562355+00:00
c107corte9500,respondido,False,reconciliado_desde_zulip,pesos,0,,95.37,0,0,,reconciliado el 2026-10-05 desde el bot; enviado 2026-10-04T21:56,,2026-10-05 23:46:28.577246+00:00,2026-10-05 23:46:28.578216+00:00
c118_corte_8500,respondido,False,reconciliado_desde_zulip,pesos,0,,94.57,0,0,,reconciliado el 2026-10-05 desde el bot; enviado 2026-10-05T01:42,,2026-10-05 23:46:28.549727+00:00,2026-10-05 23:46:28.552125+00:00
c152_corte9000,respondido,False,c152_corte9000,pesos,9000,,94.2232,2.0755,20,c107_pesos25,"solo el corte: 9,000 contra 11.000","Barrido de corte de ALTA PRECISION. El barrido anterior uso 1 archivo por punto (+-5M de ruido, por eso el pico en 9.000 eran ~4 clientes y se retracto). Con 20 archivos el error de la media es 0.33M. Junto con c107_pesos25 (11.000 = 91.355) da una curva de 5 puntos nitida, y contesta indirectamente la prevalencia de agosto, que sigue en disputa.",2026-10-06 04:48:06.930575+00:00,2026-10-06 05:01:41.704336+00:00
c190_fe3_10000,respondido,False,c190_fe3,,11000,,93.4917,2.3997,20,c191_base10000,,(reconciliado desde el DM de Zulip el 2026-10-07; enviado sin pasar por el ledger),2026-10-07 23:51:07.007876+00:00,2026-10-07 23:51:07.037028+00:00
c153_histmin9k,respondido,False,c153_histmin9k,pesos,9000,,93.2415,1.8353,20,c152_corte9000,"+20 columnas de historia minima, mismo corte 9.000","DECIDE SI ENTRA EN LA ENTREGA FINAL. histmin es el unico candidato no refutado: +0.47 al corte 11.000 (1.0 sigma, no concluyente), y en local nunca dio negativo en ninguna de cuatro mediciones. La entrega va al corte 9.000, asi que esta es la medicion que corresponde. Dos positivos independientes -> entra; si no -> queda afuera. Referencia mismo corte y mismas semillas: c152_corte9000 = 94.2232.",2026-10-06 05:02:05.213707+00:00,2026-10-07 23:51:07.136962+00:00
c191_base10000,respondido,False,c191_base10000,,10000,,93.2415,1.1907,20,c152_corte9000,,(reconciliado desde el DM de Zulip el 2026-10-07; enviado sin pasar por el ledger),2026-10-07 23:51:07.091283+00:00,2026-10-07 23:51:07.134949+00:00
c107_pesos25_ens,respondido,True,c107_pesos25,pesos,11000,330000000,92.675,0,1,c107_pesos25,"mismo modelo que c107_pesos25, un solo archivo: el ensamble por rank de las 20 semillas. En los folds le gana al 80-85% de las semillas sueltas.",el ensamble por rank deberia ganarle a la semilla tipica; es el candidato a entrega final,2026-10-04 04:08:58.894592+00:00,
c118_corte_10000,respondido,False,reconciliado_desde_zulip,pesos,0,,92.62,0,0,,reconciliado el 2026-10-05 desde el bot; enviado 2026-10-05T01:42,,2026-10-05 23:46:28.536456+00:00,2026-10-05 23:46:28.544244+00:00
c107corte8000,respondido,False,reconciliado_desde_zulip,pesos,0,,92.59,0,0,,reconciliado el 2026-10-05 desde el bot; enviado 2026-10-04T21:56,,2026-10-05 23:46:28.579176+00:00,2026-10-05 23:46:28.580599+00:00
c113_v2_v101,respondido,False,c113_v2_v101,pesos,11000,330110000,92.4742,1.9748,10,c107_pesos25,variante v2_v101,"sondear agosto: los folds miden junio y el mes manda, asi que el publico no es redundante",2026-10-04 21:53:16.964524+00:00,
c190_fe3_11000,respondido,False,c190_fe3,,11000,,92.3876,1.7105,20,c191_base10000,,(reconciliado desde el DM de Zulip el 2026-10-07; enviado sin pasar por el ledger),2026-10-07 23:51:07.045657+00:00,2026-10-07 23:51:07.083074+00:00
c113_v2_v101_ens,respondido,False,c113_v2_v101,pesos,11000,330110000,92.125,0,1,c107_pesos25,variante v2_v101,"sondear agosto: los folds miden junio y el mes manda, asi que el publico no es redundante",2026-10-04 21:53:16.985993+00:00,
c107corte10250,respondido,False,reconciliado_desde_zulip,pesos,0,,92.1,0,0,,reconciliado el 2026-10-05 desde el bot; enviado 2026-10-04T21:57,,2026-10-05 23:46:28.569513+00:00,2026-10-05 23:46:28.570724+00:00
c150_histmin,respondido,False,c150_histmin,pesos,11000,,91.8253,1.5983,20,c107_pesos25,"20 archivos de 1 semilla al corte 11.000, las MISMAS 20 semillas que c107_pesos25 (91.355, sd 1.4873). Comparacion pareada: el error de la media es 0.33M.","Local: +0.75 pts (10/10) a horizonte 1 con 4 meses de train, +7.3M en el fold 202106, y CERO donde la columna esta 100% vacia. Nunca negativo. Esperado en publico ~+2M.",2026-10-06 04:44:55.145025+00:00,2026-10-06 04:46:35.004221+00:00
c107_pesos25,respondido,False,c107_pesos25,pesos,11000,330000000,91.355,1.4873,20,c100_esqueleto,"target: BAJA+1 pasa de negativo a peso 0,25 (+8,6 M en folds, 8/10, p=0,0078). Ademas 3 -> 20 semillas. Hiperparametros, meses y corte sin cambios.",medir la varianza de semilla sobre 202108 con el target pesado,2026-10-04 04:08:58.880256+00:00,
c173_entrega_10500,respondido,True,c173_entrega_10500,pesos,10500,,91.2725,0,1,c154_entrega_9000,"mismo ranking y mismo ensamble; SOLO cambia el corte: 10.500 contra 9.000. Los 9.000 anteriores estan contenidos, se agregan 1.500.","MIDE UN CORTE QUE NUNCA SE MIDIO. El 9.000 salio del argmax publico, que con z=+0.72 contra 11.000 no distingue. Los folds (1.000 positivos contra los ~275 del publico) dan minimax 10.750 y minimo esperado 11.250; el 9.000 tiene mas del DOBLE de arrepentimiento (9,26% peor caso contra 3,95%). El publico no descarta esta banda: solo descarta la alta (13.000 y 15.000 estan 7,1 y 11,0 M abajo, por encima del ruido de 3,98).",2026-10-06 17:04:03.264395+00:00,2026-10-06 17:04:37.541630+00:00
c153_fe228,respondido,False,c153_fe228,pesos,9000,,91.1061,1.7148,20,c152_corte9000,"150 -> 223 predictoras. Mismo corte 9.000, mismas 20 semillas, mismo target.","El test anterior del FE grande (-23.4M, 2/10) estaba viciado por DOS motivos ahora corregidos: usaba hiperparametros afinados para 150 columnas sobre 300, y se evaluaba en folds que entrenan con 1-2 meses, donde las columnas de historia estan casi vacias. Es la unica palanca grande sin medir bien, y la unica con chance de achicar los ~19M que nos separan del puntero (116). Referencia al MISMO corte y MISMAS semillas: c152_corte9000 = 94.2232.",2026-10-06 04:59:58.000640+00:00,2026-10-06 05:01:41.693879+00:00
c113_v3_combo,respondido,False,c113_v3_combo,pesos,11000,331650000,90.9755,2.7811,10,c107_pesos25,variante v3_combo,"sondear agosto: los folds miden junio y el mes manda, asi que el publico no es redundante",2026-10-04 21:53:16.971674+00:00,
c190_fe3_9000,respondido,False,c190_fe3,,11000,,90.9315,1.9516,20,c191_base10000,,(reconciliado desde el DM de Zulip el 2026-10-07; enviado sin pasar por el ledger),2026-10-07 23:51:06.953730+00:00,2026-10-07 23:51:06.994316+00:00
c118_v101b_9000,respondido,False,reconciliado_desde_zulip,pesos,0,,90.53,0,0,,reconciliado el 2026-10-05 desde el bot; enviado 2026-10-05T01:42,,2026-10-05 23:46:28.554795+00:00,2026-10-05 23:46:28.556246+00:00
c152_corte8000,respondido,False,c152_corte8000,pesos,8000,,90.2275,2.2529,20,c107_pesos25,"solo el corte: 8,000 contra 11.000","Barrido de corte de ALTA PRECISION. El barrido anterior uso 1 archivo por punto (+-5M de ruido, por eso el pico en 9.000 eran ~4 clientes y se retracto). Con 20 archivos el error de la media es 0.33M. Junto con c107_pesos25 (11.000 = 91.355) da una curva de 5 puntos nitida, y contesta indirectamente la prevalencia de agosto, que sigue en disputa.",2026-10-06 04:48:06.432668+00:00,2026-10-06 05:01:41.701383+00:00
c126_t22_9000,respondido,False,reconciliado_desde_zulip,pesos,0,,89.9,0,0,,reconciliado el 2026-10-05 desde el bot; enviado 2026-10-05T14:51,,2026-10-05 23:46:28.527728+00:00,2026-10-05 23:46:28.529234+00:00
c113_v4_reciente,respondido,False,c113_v4_reciente,pesos,11000,,89.3777,1.2243,10,c107_pesos25,variante v4_reciente,"sondear agosto: los folds miden junio y el mes manda, asi que el publico no es redundante",2026-10-04 21:53:16.978629+00:00,
c150_pormes,respondido,False,c150_pormes,pesos,11000,,89.3159,2.4567,20,c107_pesos25,"20 archivos de 1 semilla al corte 11.000, las MISMAS 20 semillas que c107_pesos25 (91.355, sd 1.4873). Comparacion pareada: el error de la media es 0.33M.","Local: +0.72 pts con 3 meses de train (9/10). Extrapolacion a 4 meses, no medible.",2026-10-06 04:44:55.168167+00:00,2026-10-06 04:46:35.013507+00:00
c100_esqueleto,respondido,False,c100_esqueleto,baja2,11000,316690000,89.0175,0.6496,3,,"primer submit: linea de base con los hiperparametros de z701, sin busqueda",validar que el bot acepta el formato del archivo y capturar el texto literal de su respuesta,2026-10-03 18:41:12.548840+00:00,2026-10-04 00:27:37.882697+00:00
c126_t22_11000,respondido,False,reconciliado_desde_zulip,pesos,0,,88.77,0,0,,reconciliado el 2026-10-05 desde el bot; enviado 2026-10-05T14:51,,2026-10-05 23:46:28.522951+00:00,2026-10-05 23:46:28.524938+00:00
c150_sinjunio,respondido,False,c150_sinjunio,pesos,11000,,88.7535,2.0565,20,c107_pesos25,"20 archivos de 1 semilla al corte 11.000, las MISMAS 20 semillas que c107_pesos25 (91.355, sd 1.4873). Comparacion pareada: el error de la media es 0.33M.","CONTROL POSITIVO: predecimos que PIERDE claro (~3.7 pts de captura por recencia). Si el publico no lo muestra, el diseño de 20 archivos o la ley de envejecimiento estan mal, y hay que saberlo antes del viernes.",2026-10-06 04:44:55.177085+00:00,2026-10-06 04:46:35.014855+00:00
c126_sinmarzo_11000,respondido,False,reconciliado_desde_zulip,pesos,0,,88.61,0,0,,reconciliado el 2026-10-05 desde el bot; enviado 2026-10-05T14:51,,2026-10-05 23:46:28.517698+00:00,2026-10-05 23:46:28.520364+00:00
c150_t22,respondido,False,c150_t22,pesos,11000,,88.198,2.112,20,c107_pesos25,"20 archivos de 1 semilla al corte 11.000, las MISMAS 20 semillas que c107_pesos25 (91.355, sd 1.4873). Comparacion pareada: el error de la media es 0.33M.",Local: +7.0M en el fold 202105 (8/10) pero -22.2M en el 202106 (0/10). Apuesta asimetrica.,2026-10-06 04:44:55.159376+00:00,2026-10-06 04:46:35.011531+00:00
c107corte12500,respondido,False,reconciliado_desde_zulip,pesos,0,,88.14,0,0,,reconciliado el 2026-10-05 desde el bot; enviado 2026-10-04T21:56,,2026-10-05 23:46:28.574986+00:00,2026-10-05 23:46:28.576311+00:00
c113_v1_recencia,respondido,False,c113_v1_recencia,pesos,11000,329780000,87.9147,1.7,10,c107_pesos25,variante v1_recencia,"sondear agosto: los folds miden junio y el mes manda, asi que el publico no es redundante",2026-10-04 21:53:16.953374+00:00,
c133_todo,respondido,False,c133_todo,pesos,10000,329.45,87.615,0,1,c107_pesos25_ens,sin prestamos (fold 202106 +49.0M) + deflactado (+11.6M) + FE historico (+8.9M). Solapamiento 85.8% con la entrega vigente: cambian 1.420 de 10.000 clientes.,"MEDIDO fold por fold (c137, 10 semillas, pareado): fold 202105 -29.5M @10k con 0/10 semillas p=0.002; fold 202106 +45.2M @10k con 10/10 semillas p=0.002. Los dos folds son UNANIMES y en direcciones opuestas, en los tres cortes probados (9k/10k/11k). p=0.002 es el minimo posible con n=10. No es ruido para ningun lado: es que mayo y junio piden modelos distintos. POR QUE VALE EL SUBMIT: +-45M al mes son ~+-11M en el 25% publico, muy por encima de los 6.3M que hacen falta para declarar un ganador. Todas nuestras comparaciones publicas anteriores caian DEBAJO del piso de ruido; esta es la primera que lo supera, asi que el publico puede resolverla y los folds no. Lo que mide: si agosto se parece a junio (drift ya materializado) o a mayo.",2026-10-05 23:40:41.860924+00:00,2026-10-06 00:02:16.871179+00:00
c118_recencia_9000,respondido,False,reconciliado_desde_zulip,pesos,0,,87.28,0,0,,reconciliado el 2026-10-05 desde el bot; enviado 2026-10-05T01:40,,2026-10-05 23:46:28.558183+00:00,2026-10-05 23:46:28.559639+00:00
c152_corte13000,respondido,False,c152_corte13000,pesos,13000,,87.153,1.7933,20,c107_pesos25,"solo el corte: 13,000 contra 11.000","Barrido de corte de ALTA PRECISION. El barrido anterior uso 1 archivo por punto (+-5M de ruido, por eso el pico en 9.000 eran ~4 clientes y se retracto). Con 20 archivos el error de la media es 0.33M. Junto con c107_pesos25 (11.000 = 91.355) da una curva de 5 puntos nitida, y contesta indirectamente la prevalencia de agosto, que sigue en disputa.",2026-10-06 04:48:07.476929+00:00,2026-10-06 05:01:41.705927+00:00
c126_corte_13000,respondido,False,reconciliado_desde_zulip,pesos,0,,86.95,0,0,,reconciliado el 2026-10-05 desde el bot; enviado 2026-10-05T14:51,,2026-10-05 23:46:28.507597+00:00,2026-10-05 23:46:28.509223+00:00
c126_corte_15000,respondido,False,reconciliado_desde_zulip,pesos,0,,83.71,0,0,,reconciliado el 2026-10-05 desde el bot; enviado 2026-10-05T14:51,,2026-10-05 23:46:28.498700+00:00,2026-10-05 23:46:28.502695+00:00
c152_corte15000,respondido,False,c152_corte15000,pesos,15000,,83.1834,1.8796,20,c107_pesos25,"solo el corte: 15,000 contra 11.000","Barrido de corte de ALTA PRECISION. El barrido anterior uso 1 archivo por punto (+-5M de ruido, por eso el pico en 9.000 eran ~4 clientes y se retracto). Con 20 archivos el error de la media es 0.33M. Junto con c107_pesos25 (11.000 = 91.355) da una curva de 5 puntos nitida, y contesta indirectamente la prevalencia de agosto, que sigue en disputa.",2026-10-06 04:48:08.056710+00:00,2026-10-06 05:01:41.707300+00:00
c118_v101_9000,respondido,False,reconciliado_desde_zulip,pesos,0,,-49.86,0,0,,reconciliado el 2026-10-05 desde el bot; enviado 2026-10-05T01:40,,2026-10-05 23:46:28.564067+00:00,2026-10-05 23:46:28.565393+00:00
c135_hist,preparado,False,c135_hist,pesos,10000,,,,1,c107_pesos25_ens,"FE historico solo, sin tocar prestamos ni deflactar. Solapamiento 91.2% con la vigente.","Fold 202106 +8.9M (7/10, p=0.082), fold 202105 -2.3M. Es el cambio con MEJOR perfil de los tres: el unico que casi no cuesta nada si agosto se parece a mayo.",2026-10-05 23:44:59.395770+00:00,
c130_sinprest,preparado,False,c130_sinprest,pesos,10000,,,,1,c133_todo,"un cambio aislado, para atribuir el efecto de c133_todo","Fold 202105 -24.0M (0/10), fold 202106 +49.0M (20/20). Es el cambio de mayor efecto de los tres, para los dos lados.",2026-10-05 23:49:57.308688+00:00,
c130_deflact,preparado,False,c130_deflact,pesos,10000,,,,1,c133_todo,"un cambio aislado, para atribuir el efecto de c133_todo","Fold 202105 -7.4M, fold 202106 +11.6M. El menos agresivo de los dos primeros.",2026-10-05 23:49:57.313528+00:00,
c130_ambos,preparado,False,c130_ambos,pesos,10000,,,,1,c133_todo,"un cambio aislado, para atribuir el efecto de c133_todo","Los dos cambios de monto juntos, sin el FE historico. Sirve para separar si el efecto de c133 viene de las features historicas o de los otros dos.",2026-10-05 23:49:57.315619+00:00,
